-- phpMyAdmin SQL Dump
-- version 3.4.5
-- http://www.phpmyadmin.net
--
-- Servidor: localhost
-- Tiempo de generación: 28-03-2012 a las 13:53:15
-- Versión del servidor: 5.5.16
-- Versión de PHP: 5.3.8

SET SQL_MODE="NO_AUTO_VALUE_ON_ZERO";
SET time_zone = "+00:00";


/*!40101 SET @OLD_CHARACTER_SET_CLIENT=@@CHARACTER_SET_CLIENT */;
/*!40101 SET @OLD_CHARACTER_SET_RESULTS=@@CHARACTER_SET_RESULTS */;
/*!40101 SET @OLD_COLLATION_CONNECTION=@@COLLATION_CONNECTION */;
/*!40101 SET NAMES utf8 */;

--
-- Base de datos: `gyoma`
--

-- --------------------------------------------------------

--
-- Estructura de tabla para la tabla `accesorio`
--

CREATE TABLE IF NOT EXISTS `accesorio` (
  `Id_Accesorio` int(10) NOT NULL AUTO_INCREMENT,
  `Nombre` varchar(20) DEFAULT NULL,
  `Precio` varchar(30) DEFAULT NULL,
  `Descripcion` varchar(500) DEFAULT NULL,
  `Descripcion2` varchar(2500) DEFAULT NULL,
  PRIMARY KEY (`Id_Accesorio`)
) ENGINE=InnoDB  DEFAULT CHARSET=latin1 AUTO_INCREMENT=1387 ;

--
-- Volcado de datos para la tabla `accesorio`
--

INSERT INTO `accesorio` (`Id_Accesorio`, `Nombre`, `Precio`, `Descripcion`, `Descripcion2`) VALUES
(16, 'AG-0018-21D', '1125.43', 'Soporte', NULL),
(17, 'WC-0002-05', '147.89', 'Riel', NULL),
(18, 'UT-0001-23', '403.28', 'Cobertura', NULL),
(19, 'AG-0018-60', '1969.49', 'Base Rodante', NULL),
(20, 'DX-0024-96', '4104.92', 'Montaje Datex', NULL),
(21, 'AG-0018-95', '3556.63', 'Montaje ADU', NULL),
(22, 'AG-0018-06', '1875.71', 'Montaje aespire', NULL),
(23, 'AG-0018-12', '5406.73', 'Montaje Aisys', NULL),
(24, 'AG-0018-10', '2719.78', 'Montaje Advanced', NULL),
(25, 'AG-0018-04', '4637.69', 'Montaje Fabius', NULL),
(26, 'AG-0018-03', '2872.72', 'Montaje Julian', NULL),
(27, 'AG-0018-21D', '1125.43', 'Soporte', NULL),
(28, 'WC-0002-05', '147.89', 'Riel', NULL),
(29, 'UT-0001-23', '403.28', 'Cobertura', NULL),
(30, 'AG-0018-60', '1969.49', 'Base Rodante', NULL),
(31, 'DX-0024-96', '4104.92', 'Montaje Datex', NULL),
(32, 'AG-0018-95', '3556.63', 'Montaje ADU', NULL),
(33, 'AG-0018-06', '1875.71', 'Montaje aespire', NULL),
(34, 'AG-0018-06', '5406.73', 'Montaje aespire', NULL),
(35, 'AG-0018-10', '2719.78', 'Montaje Advanced', NULL),
(36, 'AG-0018-04', '4637.69', 'Montaje Fabius', NULL),
(37, 'AG-0018-03', '2872.72', 'Montaje Julian', NULL),
(38, 'AG-0018-21D', '1125.43', 'Soporte', NULL),
(39, 'WC-0002-05', '147.89', 'Riel', NULL),
(40, 'UT-0001-23', '403.28', 'Cobertura', NULL),
(41, 'AG-0018-60', '1969.49', 'Base Rodante', NULL),
(42, 'DX-0024-96', '4104.92', 'Montaje Datex', NULL),
(43, 'AG-0018-95', '3556.63', 'Montaje ADU', NULL),
(44, 'AG-0018-06', '1875.71', 'Montaje aespire', NULL),
(45, 'AG-0018-12', '5406.73', 'Montaje Aisys', NULL),
(46, 'AG-0018-10', '2719.78', 'Montaje Advanced', NULL),
(47, 'AG-0018-04', '4637.69', 'Montaje Fabius', NULL),
(48, 'AG-0018-03', '2872.72', 'Montaje Julian', NULL),
(49, 'AG-0018-21D', '1125.43', 'Soporte', NULL),
(50, 'WC-0002-05', '147.89', 'Riel', NULL),
(51, 'UT-0001-23', '403.28', 'Cobertura', NULL),
(52, 'AG-0018-60', '1969.49', 'Base Rodante', NULL),
(53, 'DX-0024-96', '4104.92', 'Montaje Datex', NULL),
(54, 'AG-0018-95', '3556.63', 'Montaje ADU', NULL),
(55, 'AG-0018-06', '1875.71', 'Montaje aespire', NULL),
(56, 'AG-0018-12', '5406.73', 'Montaje Aisys', NULL),
(57, 'AG-0018-12', '5406.73', 'Montaje Aisys', NULL),
(58, 'AG-0018-10', '2719.78', 'Montaje Advanced', NULL),
(59, 'AG-0018-04', '4637.69', 'Montaje Fabius', NULL),
(60, 'AG-0018-03', '2872.72', 'Montaje Julian', NULL),
(61, 'M8001A-A03', '21296.51', '3 ondas', NULL),
(62, 'M8001A-A04', '25185.00', '4 ondas', NULL),
(63, 'M8001A-A06', '32954.76', '6 ondas', NULL),
(64, NULL, NULL, NULL, NULL),
(65, 'M8001A-C04', '7149.34', 'Rev. Sucesos', NULL),
(66, 'M8001A-C05', '2799.13', 'Frmacos', NULL),
(67, 'M8001A-C30', '4631.56', 'cap. Hemodinamica', NULL),
(68, 'M8001A-E05', '6608.27', 'Registrador Termico', NULL),
(69, 'M8001A-E21', '1594.35', 'Montaje Cama', NULL),
(70, 'M8001A-E22', '1940.64', 'Montaje rapido', NULL),
(71, 'M8001A-E24', '1507.78', 'Bateria Litio', NULL),
(72, 'M8001A-E25', '779.14', 'Cap. De Bateria', NULL),
(73, 'M8001A-E26', '3001.13', '2 baterias', NULL),
(74, 'M8001A-H10', '1940.64', 'UCI', NULL),
(75, 'M8001A-H20', '1940.64', 'Neonatal', NULL),
(76, 'M8001A-H30', '1940.64', 'Quirofano/Anestesia', NULL),
(77, 'M8001A-H40', '1940.64', 'Conf. Cardiaco', NULL),
(78, 'M8001A-J13', '3744.20', 'RS232', NULL),
(79, 'M8001A-J14', '3073.28', 'interfaz paralelo', NULL),
(80, 'M8001A-J16', '3181.49', 'Cap. Bis', NULL),
(81, 'M8001A-J22', '2041.64', 'Puerto PS/2', NULL),
(82, 'M8001A-J23', '2041.64', 'perilla de navegaci', NULL),
(83, 'M8001A-J25', '3087.70', '4puertos USB', NULL),
(84, 'M8001A-J30', '3073.28', 'rele de llamada', NULL),
(85, 'M8001A-J35', '7315.26', '802.11', NULL),
(86, 'M8001A-J40', '2640.42', 'video SVGA', NULL),
(87, 'M8001A-J42', '779.14', 'Red', NULL),
(88, 'M8001A-J47', '8765.33', 'Telemetria 2,4Ghz', NULL),
(89, 'M8001A-J50', '3715.35', 'conex. Doc Station', NULL),
(90, 'M8001A-P01', '5973.41', 'Sepsis', NULL),
(91, 'M3001A', '0.00', 'Servidor Basico', NULL),
(92, 'M3001A-A01', '31093.48', 'parmetros base', NULL),
(93, 'M3001A-C06', '3498.92', 'P I', NULL),
(94, 'M3001A-H06', '3809.13', 'Acc. adulto', NULL),
(95, 'M3001A-H08', '4436.77', 'Acc. quirofano', NULL),
(96, 'M3001A-H14', '4342.99', 'Acc Nonato', NULL),
(97, '21075A', '519.43', 'Sensor Temp', NULL),
(98, 'M3012A', '11268.68', 'Servidor de Mediciones Hemodinmicas', NULL),
(99, 'M3012A-C05', '12826.96', 'Gasto cardaco por termodiluci', NULL),
(100, 'M3012A-C10', '18778.73', 'Gasto cardaco por PICCO', NULL),
(101, 'M3012A-K02', '3376.28', 'Acc. Baos de hielo', NULL),
(102, 'M3012A-K03', '3996.70', 'Acc. Swan Ganz', NULL),
(103, 'M3012A-K04', '5035.56', 'Acc. Combinados.', NULL),
(104, 'M3012A-K05', '2214.78', 'Acc. Cubetas de Hielo', NULL),
(105, 'M3012A-K06', '3650.42', 'Acc. PICCO', NULL),
(106, 'M3012A-K13', '3953.42', 'Acc. SG y PiCCO', NULL),
(107, 'M1642A', '1536.64', 'Cable G.Card. 2,7m', NULL),
(108, 'M1643A', '1680.92', 'Cable G.Card. 4,8m', NULL),
(109, 'M1646A', '1789.14', 'Sensor PICCO', NULL),
(110, '23001A', '1515.00', 'Sensor Temp 2,4m.', NULL),
(111, '23001B', '1587.14', 'Sensor Temp 0,5m.', NULL),
(112, '23002A', '1515.00', 'Sonda trmica', NULL),
(113, 'M3014A', '0.00', 'Servidor de Medici', NULL),
(114, 'M3014A-A01', '22421.93', 'Sin Sensor', NULL),
(115, 'M3014A-A02', '33870.97', 'Con Sensor', NULL),
(116, 'M3014A-A03', '36525.82', 'Con Sensor Lateral', NULL),
(117, 'M3014A-C05', '12819.75', 'Cap.Termodiluci', NULL),
(118, 'M3014A-C07', '6896.84', 'Cap. 2PI y Temp.', NULL),
(119, 'M3014A-C10', '16715.45', 'Cap. Gasto, 2PI y Temp.', NULL),
(120, 'M3014A-K01', '1262.50', 'adaptador reusable adulto', NULL),
(121, 'M3014A-K02', '1262.50', 'adaptador reusable infante', NULL),
(122, 'M3014A-K03', '995.57', 'Adaptador adulto', NULL),
(123, 'M3014A-K04', '995.57', 'adaptador infante', NULL),
(124, 'M3014A-K06', '2719.78', 'Acc PICCO', NULL),
(125, 'M3014A-K13', '3953.42', 'Acc SG y PICCO', NULL),
(126, 'M3014A-K41', '1125.43', 'Acc Adulto no entubados', NULL),
(127, 'M3014A-K42', '1125.43', 'Acc Inf. No entubados', NULL),
(128, 'M3014A-K43', '1226.42', 'Acc Adulto entubados', NULL),
(129, 'M3014A-K44', '1226.42', 'Acc Inf. entubados', NULL),
(130, 'M3015A', '31634.55', 'Servidor Microstream', NULL),
(131, 'M3015A-C06', '3888.49', '1 PI y Temperatura', NULL),
(132, 'M3015A-K30', '2503.35', 'Acc Adulto no entubados', NULL),
(133, 'M3015A-K31', '2503.35', 'Acc Ped.No entubados', NULL),
(134, 'M3015A-K32', '2719.78', 'Acc. Adullto entubado', NULL),
(135, 'M3015A-K33', '3498.92', 'Acc. Ped. Y Neon entubado', NULL),
(136, 'M3015A-K34', '2503.35', 'Cnula y mascarilla Adulto', NULL),
(137, 'M3015A-K35', '2503.35', 'Cnula y mascarilla Ped.', NULL),
(138, 'M1034AX', '38870.45', 'Modulo BIS', NULL),
(139, 'M1034AX-A02', '0.00', 'BIS para MP20', NULL),
(140, 'M1034AX-K20', '6997.84', 'Bis x 50', NULL),
(141, 'M8002A-A03', '0.00', '3 ondas', NULL),
(142, 'M8002A-A04', '3866.85', '4 ondas', NULL),
(143, 'M8002A-A06', '11658.25', '6 ondas', NULL),
(144, 'M8002A-C04', '7149.34', 'Rev. Sucesos', NULL),
(145, 'M8002A-C05', '2799.13', 'Frmacos', NULL),
(146, 'M8002A-C06', '4631.56', 'Vigilancia de Eventos', NULL),
(147, 'M8002A-C30', '4039.99', 'Conexin Serv. Hemod.', NULL),
(148, 'M8002A-E05', '6608.27', 'Registrador Termico', NULL),
(149, 'M8002A-E21', '1594.35', 'Montaje Cama', NULL),
(150, '142144-003', '0', 'Manual', NULL),
(151, '790728-001', '100', 'Acc', 'Acc Prueba'),
(152, '790732-004', '0', 'Kit Calibracion', NULL),
(153, '543055-003', '13332.758211', 'Carro', NULL),
(154, '800199-007', '6928.6791', 'UPS', NULL),
(155, '800234-001', '2632.898058', 'Impresora', NULL),
(156, '704002-001', '3909.754635', 'Jeringa', NULL),
(157, '536003-001', '98.98113', 'Adaptador', NULL),
(158, '536053-001', '1266.958464', 'Gas 5%CO2', NULL),
(159, '536053-009', '1266.958464', 'Gas 21%CO2', NULL),
(160, '800703-002', '9858.520548', 'Face Tent', NULL),
(161, '800630-003', '28189.825824', 'Canopy', NULL),
(162, '754528-001', '999.71', 'Cable Nonin', NULL),
(163, '754622-001', '1069.00', ' ', NULL),
(164, '790152-001', '6275.40', 'Sist. Polar', NULL),
(165, '536161-001', '2939.74', 'Perception 110v', NULL),
(166, '800235-001', '2227.08', 'Weatherlink II', NULL),
(167, '800214-001', '3157.50', 'Regulador 120v', NULL),
(168, '800199-007', '6938.58', 'UPS', NULL),
(169, '	790741-002	', '	0.00	', '	Alambrico	', NULL),
(170, '	790742-002	', '	14847.17	', '	inalamb. 2500mhz	', NULL),
(171, '	790742-001	', '	14847.17	', '	inalamb.600mhz	', NULL),
(172, '	754299-003	', '	8128.83	', '	Cable 2500	', NULL),
(173, '	754299-001	', '	8128.83	', '	Cable 600	', NULL),
(174, '	147612-313	', '	32886.48	', '	Enlace BS Cardio2	', NULL),
(175, '	781030-002	', '	0.00	', '	Computador	', NULL),
(176, '	800231-001	', '	0.00	', '	Carro	', NULL),
(177, '	800234-001	', '	0.00	', '	Impresora	', NULL),
(178, '	543048-002	', '	0.00	', '	conf 2 monitores	', NULL),
(179, '	142144-003	', '	0.00	', '	manual	', NULL),
(180, '	790720-001	', '	0.00	', '	Accesorios	', NULL),
(181, '	147758-003	', '	0.00	', '	Breeze Suite	', NULL),
(182, '	On Suite CD	', '	0.00	', '	Breeze GX intercambio	', NULL),
(183, '	On Suite CD	', '	0.00	', '	Breeze GX Espirometria	', NULL),
(184, '	On Suite CD	', '	0.00	', '	Breeze Predicciones	', NULL),
(185, '	704002-001	', '	3909.75	', '	Jeringa	', NULL),
(186, '	755106-001	', '	7166.23	', '	Reguladores Gas	', NULL),
(187, '	536053-001	', '	1266.96	', '	Gas 5%CO2	', NULL),
(188, '	536053-009	', '	1266.96	', '	Gas 21%CO2	', NULL),
(189, '	536553-002	', '	57033.80	', '	Banda 425	', NULL),
(190, '	536553-004	', '	63724.92	', '	Banda 425C	', NULL),
(191, '	536553-006	', '	67535.70	', '	Banda 425CP	', NULL),
(192, '	800010-003	', '	39147.04	', '	Corival 110v	', NULL),
(193, '	800010-230	', '	39147.04	', '	Corival 220v	', NULL),
(194, '	800010-201	', '	55379.94	', '	Corival P 110v	', NULL),
(195, '	800010-231	', '	55379.94	', '	Corival P 230v	', NULL),
(196, '	800010-301	', '	72375.00	', '	Corival PB 110v	', NULL),
(197, '	800010-331	', '	72375.00	', '	Corival PB 230v	', NULL),
(198, '	800013-001	', '	59339.19	', '	Corival Recum 110V	', NULL),
(199, '	800013-230	', '	59339.19	', '	Corival Recum 230V	', NULL),
(200, '	800011-002	', '	168218.43	', '	Bici Excalibur	', NULL),
(201, '	540184-001	', '	13095.20	', '	Prog. Excal	', NULL),
(202, '	754197-002	', '	682.97	', '	Cable Bicicletas y Bandas	', NULL),
(203, '	754527-002	', '	692.87	', '	Bicicletas y Bandas	', NULL),
(204, '	147612-302	', '	3286.17	', '	Sw Calorimetria	', NULL),
(205, '	147612-304	', '	3286.17	', '	Sw. Interpretacion	', NULL),
(206, '	147612-305	', '	3286.17	', '	Sw. Prescripcion	', NULL),
(207, '	147612-306	', '	3286.17	', '	Sw ExFVL	', NULL),
(208, '	147612-308	', '	3286.17	', '	Sw. Base datos	', NULL),
(209, '	147612-309	', '	3286.17	', '	Sw Función Pulmonar	', NULL),
(210, '	147612-311	', '	3286.17	', '	Sw Provocacion	', NULL),
(211, '	147612-312	', '	3286.17	', '	Sw Red	', NULL),
(212, '	147612-320	', '	3286.17	', '	Sw base datos	', NULL),
(213, '	790158-002	', '	3286.17	', '	Estacion de Red	', NULL),
(214, '	781030-001	', '	16331.89	', '	Computador	', NULL),
(215, '	441061-001	', '	27714.72	', '	Impresora	', NULL),
(216, '	104233-001	', '	4157.21	', '	papel termico	', NULL),
(217, '	543048-002	', '	3860.26	', '	conf 2 monitores	', NULL),
(218, '	155055-001	', '	2078.60	', '	kit acc P/carro	', NULL),
(219, '	800005-001	', '	52400.61	', '	P. sanguinea	', NULL),
(220, '	754527-002	', '	692.87	', '	USB a Serial. Bandas yBici	', NULL),
(221, '	800635-002	', '	18707.43	', '	NICO Kit	', NULL),
(222, '	536050-002	', '	1781.66	', '	Gas 4%CO2	', NULL),
(223, '	536053-004	', '	1247.16	', '	Gas 10%CO2	', NULL),
(224, '	781021-004	', '	20103.07	', '	Computador Cybernet	', NULL),
(225, '	790202-001	', '	22270.75	', '	Laptop	', NULL),
(226, '	781014-003	', '	18182.83	', '	computador	', NULL),
(227, '	440227-003	', '	3513.83	', '	Monitor	', NULL),
(228, '	800230-001	', '	2632.90	', '	Impresora	', NULL),
(229, '	800228-001	', '	15530.14	', '	carro	', NULL),
(230, '	543047-002	', '	2286.46	', '	conf Monitor en carro	', NULL),
(231, '	543048-002	', '	2286.46	', '	conf 2 Monitor en carro	', NULL),
(232, '	800005-001	', '	52400.61	', '	Presure Perfect	', NULL),
(233, '	754527-001	', '	1296.65	', '	USB Presure Perfect	', NULL),
(234, '	800635-002	', '	18707.43	', '	kit gasto Card. N I	', NULL),
(235, '	800236-001	', '	11244.26	', '	Nonin 7500	', NULL),
(236, '	754622-001	', '	1069.00	', '	Cable Nonin	', NULL),
(237, '	790152-001	', '	6275.40	', '	Sist. Polar	', NULL),
(238, '	536159-001	', '	2939.74	', '	Perception 110v	', NULL),
(239, '	536159-200	', '	2227.08	', '	Weatherlink II	', NULL),
(240, '	800214-001	', '	3761.28	', '	Regulador 120v	', NULL),
(241, '	800199-007	', '	8710.34	', '	UPS	', NULL),
(242, '	142144-001	', '	0.00	', '	manual	', NULL),
(243, '	790177-001	', '	0.00	', '	Accesorios	', NULL),
(244, '	147758-003	', '	0.00	', '	Breeze Suite	', NULL),
(245, '	On Suite CD	', '	0.00	', '	Breeze Suite PF	', NULL),
(246, '	755113-001	', '	4236.39	', '	Reguladores Gas	', NULL),
(247, '	155050-001	', '	6374.38	', '	Reguladores AC	', NULL),
(248, '	704002-001	', '	3909.75	', '	Jeringa	', NULL),
(249, '	536050-001	', '	1455.02	', '	Gas Difusion. Estacionario	', NULL),
(250, '	147612-308	', '	3286.17	', '	Sw base datos	', NULL),
(251, '	147612-309	', '	3286.17	', '	Sw Interpretación	', NULL),
(252, '	147612-310	', '	0.00	', '	Sw Calculo de Prediccion	', NULL),
(253, '	147612-311	', '	3286.17	', '	Sw Provocacion	', NULL),
(254, '	147612-312	', '	3286.17	', '	Sw Red	', NULL),
(255, '	147612-319	', '	3286.17	', '	Sw Compliance	', NULL),
(256, '	147612-320	', '	3286.17	', '	Sw base datos	', NULL),
(257, '	790158-002	', '	3286.17	', '	Estacion de Red	', NULL),
(258, '	440238-002	', '	15114.42	', '	Laptop	', NULL),
(259, '	440240-001	', '	18182.83	', '	computador	', NULL),
(260, '	440227-003	', '	3513.83	', '	Monitor	', NULL),
(261, '	800230-002	', '	2632.90	', '	Impresora	', NULL),
(262, '	536159-001	', '	2939.74	', '	Perception 110v	', NULL),
(263, '	536159-200	', '	2227.08	', '	Weatherlink II	', NULL),
(264, '	800185-003	', '	3157.50	', '	Regulador 120v	', NULL),
(265, '	800199-007	', '	6938.58	', '	UPS	', NULL),
(266, '	536228-001	', '	16371.48	', '	Dosimetro	', NULL),
(267, '	705036-001	', '	2632.90	', '	regulador AC	', NULL),
(268, '	142144-001	', '	0.00	', '	manual	', NULL),
(269, '	790177-001	', '	0.00	', '	Accesorios	', NULL),
(270, '	147758-003	', '	0.00	', '	Breeze Suite	', NULL),
(271, '	On Suite CD	', '	0.00	', '	Breeze Suite PF	', NULL),
(272, '	755113-002	', '	6859.39	', '	Reguladores Gas	', NULL),
(273, '	155050-001	', '	6374.38	', '	Reguladores AC	', NULL),
(274, '	704002-001	', '	3909.75	', '	Jeringa	', NULL),
(275, '	536050-001	', '	1455.02	', '	Gas Difusion. Estacionario	', NULL),
(276, '	147612-308	', '	3286.17	', '	Sw base datos	', NULL),
(277, '	147612-309	', '	3286.17	', '	Sw Función Pulmonar	', NULL),
(278, '	147612-310	', '	0.00	', '	Sw Calculo de Prediccion	', NULL),
(279, '	147612-311	', '	3286.17	', '	Sw Provocacion	', NULL),
(280, '	147612-312	', '	3286.17	', '	sw red	', NULL),
(281, '	147612-319	', '	3286.17	', '	Sw Compliance	', NULL),
(282, '	147612-317	', '	3286.17	', '	Opción P100	', NULL),
(283, '	147612-320	', '	3286.17	', '	Sw base datos	', NULL),
(284, '	790158-002	', '	3286.17	', '	Estacion de Red	', NULL),
(285, '	440238-002	', '	15114.42	', '	Laptop	', NULL),
(286, '	440240-001	', '	18182.83	', '	Computador escritorio	', NULL),
(287, '	440227-003	', '	3513.83	', '	monitor	', NULL),
(288, '	800230-002	', '	2632.90	', '	Impresora	', NULL),
(289, '	536159-001	', '	2939.74	', '	Perception 110v	', NULL),
(290, '	536159-200	', '	2227.08	', '	Weatherlink II	', NULL),
(291, '	800185-003	', '	3157.50	', '	Regulador 120v	', NULL),
(292, '	800199-007	', '	6938.58	', '	UPS	', NULL),
(293, '	536228-001	', '	16371.48	', '	Dosimetro	', NULL),
(294, '	705035-001	', '	2632.90	', '	regulador aire dosimetro	', NULL),
(295, '	142144-001	', '	0.00	', '	manual	', NULL),
(296, '	790177-001	', '	0.00	', '	Accesorios	', NULL),
(297, '	147758-003	', '	0.00	', '	Breeze Suite	', NULL),
(298, '	On Suite CD	', '	0.00	', '	Breeze Suite PF	', NULL),
(299, '	755113-002	', '	6859.39	', '	Reguladores Gas	', NULL),
(300, '	155050-001	', '	6374.38	', '	Reguladores AC	', NULL),
(301, '	704002-001	', '	3909.75	', '	Jeringa	', NULL),
(302, '	536050-001	', '	1455.02	', '	Gas Difusion. Estacionario	', NULL),
(303, '	147612-308	', '	3286.17	', '	Sw base datos	', NULL),
(304, '	147612-309	', '	3286.17	', '	Sw Función Pulmonar	', NULL),
(305, '	147612-310	', '	0.00	', '	Sw Calculo de Prediccion	', NULL),
(306, '	147612-311	', '	3286.17	', '	Sw Provocacion	', NULL),
(307, '	147612-312	', '	3286.17	', '	sw red	', NULL),
(308, '	147612-319	', '	3286.17	', '	Sw Compliance	', NULL),
(309, '	147612-317	', '	3286.17	', '	Opción P100	', NULL),
(310, '	147612-320	', '	3286.17	', '	Sw base datos	', NULL),
(311, '	790158-002	', '	3286.17	', '	Estacion de Red	', NULL),
(312, '	440238-002	', '	15114.42	', '	Laptop	', NULL),
(313, '	440240-001	', '	18182.83	', '	Computador escritorio	', NULL),
(314, '	440227-003	', '	3513.83	', '	monitor	', NULL),
(315, '	800230-002	', '	2632.90	', '	Impresora	', NULL),
(316, '	536159-001	', '	2939.74	', '	Perception 110v	', NULL),
(317, '	536159-200	', '	2227.08	', '	Weatherlink II	', NULL),
(318, '	800185-003	', '	3157.50	', '	Regulador 120v	', NULL),
(319, '	800199-007	', '	6938.58	', '	UPS	', NULL),
(320, '	536228-001	', '	16371.48	', '	Dosimetro	', NULL),
(321, '	705035-001	', '	2632.90	', '	regulador aire dosimetro	', NULL),
(322, '	147612-308	', '	3286.17	', '	Sw base datos	', NULL),
(323, '	147612-309	', '	3286.17	', '	Sw Interpretación	', NULL),
(324, '	147612-310	', '	0.00	', '	Sw valores de prediccion	', NULL),
(325, '	147612-311	', '	3286.17	', '	Sw Provocacion	', NULL),
(326, '	147612-312	', '	3286.17	', '	Sw Red	', NULL),
(327, '	147612-320	', '	3286.17	', '	Sw base datos	', NULL),
(328, '	790158-002	', '	3286.17	', '	Estacion de Red	', NULL),
(329, '	440238-002	', '	15114.42	', '	Laptop	', NULL),
(330, '	440240-001	', '	18182.83	', '	computadora	', NULL),
(331, '	800230-002	', '	2632.90	', '	Impresora	', NULL),
(332, '	543055-003	', '	9670.46	', '	carro de transporte	', NULL),
(333, '	758100-004	', '	2236.97	', '	Neumotacógrafos	', NULL),
(334, '	704002-001	', '	3909.75	', '	Jeringa	', NULL),
(335, '	536003-001	', '	98.98	', '	Acoplador	', NULL),
(336, '	536159-001	', '	2939.74	', '	Perception 110v	', NULL),
(337, '	536159-200	', '	2227.08	', '	Weatherlink II	', NULL),
(338, '	800185-003	', '	3157.50	', '	Regulador 120v	', NULL),
(339, '	800199-007	', '	6938.58	', '	UPS	', NULL),
(340, '	750018-00M	', '	996.09	', '	Boquillas Desc.	', NULL),
(341, '	536007-001	', '	18.00	', '	Clip 	', NULL),
(342, '	COMP-001	', '	15000.00	', '	Computador	', NULL),
(343, '	MONT-17	', '	3500.00	', '	Monitor	', NULL),
(344, '	862121-L	', '	5000.00	', '	Impresora Laser	', NULL),
(345, '	142144-003	', '	0.00	', '	Manual	', NULL),
(346, '	790729-001	', '	0.00	', '	Accesorios	', NULL),
(347, '	790732-004	', '	0.00	', '	Kit Calibracion	', NULL),
(348, '	800234-001	', '	2632.90	', '	Impresora	', NULL),
(349, '	543055-003	', '	13332.76	', '	Carro	', NULL),
(350, '	704002-001	', '	3909.75	', '	Jeringa	', NULL),
(351, '	536003-001	', '	98.98	', '	Acoplador	', NULL),
(352, '	536053-001	', '	1266.96	', '	Gas 5%CO2	', NULL),
(353, '	536053-009	', '	1266.96	', '	Gas 21%CO2	', NULL),
(354, '	790153-001	', '	4097.82	', '	Sist. Polar	', NULL),
(355, '	800199-007	', '	6938.58	', '	UPS	', NULL),
(356, '	142144-003	', '	0.00	', '	Manual	', NULL),
(357, '	790720-001	', '	0.00	', '	Accesorios	', NULL),
(358, '	790170-002	', '	0.00	', '	Coenxiones	', NULL),
(359, '	147723-003	', '	0.00	', '	Breeze ppal	', NULL),
(360, '	147612-302	', '	0.00	', '	Breeze Calorimetria ind.	', NULL),
(361, '	On Suite CD	', '	0.00	', '	Breeze GX intercambio	', NULL),
(362, '	On Suite CD	', '	0.00	', '	Breeze GX Espirometria	', NULL),
(363, '	On Suite CD	', '	0.00	', '	Breeze Predicciones	', NULL),
(364, '	704002-001	', '	3909.75	', '	Jeringa	', NULL),
(365, '	755106-001	', '	7166.23	', '	Reguladores Gas	', NULL),
(366, '	536053-001	', '	1247.16	', '	Gas 5%CO2	', NULL),
(367, '	536053-009	', '	1247.16	', '	Gas 21%CO2	', NULL),
(368, '	147612-308	', '	3286.17	', '	Base de dtos	', NULL),
(369, '	147612-309	', '	3286.17	', '	Funcion Pulmonar	', NULL),
(370, '	147612-311	', '	3286.17	', '	Sw Provocacion	', NULL),
(371, '	147612-312	', '	3286.17	', '	Red	', NULL),
(372, '	781021-004	', '	20103.07	', '	Computador Cybernet	', NULL),
(373, '	440240-002	', '	15114.42	', '	Laptop	', NULL),
(374, '	440240-003	', '	18182.83	', '	Computador escritorio	', NULL),
(375, '	440227-003	', '	3513.83	', '	Monitor	', NULL),
(376, '	800234-001	', '	2632.90	', '	Impresora	', NULL),
(377, '	800228-001	', '	15530.14	', '	Carro	', NULL),
(378, '	543047-002	', '	2286.46	', '	conf Monitor en carro	', NULL),
(379, '	800630-002	', '	28170.03	', '	Canopy	', NULL),
(380, '	800703-001	', '	9977.30	', '	Face Tent	', NULL),
(381, '	800236-001	', '	11244.26	', '	Nonin 7500	', NULL),
(382, '	754528-001	', '	999.71	', '	Cable Nonin	', NULL),
(383, '	754622-001	', '	1069.00	', '		', NULL),
(384, '	536161-001	', '	2939.74	', '	Perception 110v	', NULL),
(385, '	800235-001	', '	2227.08	', '	Weatherlink II	', NULL),
(386, '	800214-001	', '	3157.50	', '	Regulador 120v	', NULL),
(387, '	800199-007	', '	6938.58	', '	UPS	', NULL),
(388, '	142144-003	', '	0.00	', '	manual	', NULL),
(389, '	790077-002	', '	0.00	', '	Accesorios	', NULL),
(390, '	147758-003	', '	0.00	', '	Breeze Suite	', NULL),
(391, '	On Suite CD	', '	0.00	', '	Breeze Suite PF	', NULL),
(392, '	On Suite CD	', '	0.00	', '	Breeze Predicciones	', NULL),
(393, '	755108-001	', '	16401.17	', '	Reg. Gas Movil	', NULL),
(394, '	755109-001	', '	19232.03	', '	Reg. Gas Estacionario	', NULL),
(395, '	704002-001	', '	3909.75	', '	Jeringa	', NULL),
(396, '	536050-001	', '	1455.02	', '	gas Difusion. Estacionario	', NULL),
(397, '	536053-001	', '	1247.16	', '	Gas 5%CO2	', NULL),
(398, '	536053-009	', '	1247.16	', '	Gas 21%CO2	', NULL),
(399, '	536711-002	', '	1266.96	', '	gas Difusion. Movil	', NULL),
(400, '	536711-001	', '	1266.96	', '	Gas 21%CO2 movil	', NULL),
(401, '	147612-308	', '	3286.17	', '	Sw base datos	', NULL),
(402, '	147612-309	', '	3286.17	', '	Sw Función Pulmonar	', NULL),
(403, '	147612-311	', '	3286.17	', '	Sw Provocacion	', NULL),
(404, '	147612-312	', '	3286.17	', '	Sw Red	', NULL),
(405, '	147612-320	', '	3286.17	', '	Sw base datos	', NULL),
(406, '	790158-002	', '	3286.17	', '	Estacion de Red	', NULL),
(407, '	781021-004	', '	20103.07	', '	Computador Cybernet	', NULL),
(408, '	440238-002	', '	15114.42	', '	Laptop	', NULL),
(409, '	440240-001	', '	18182.83	', '	computador	', NULL),
(410, '	440227-003	', '	3513.83	', '	Monitor	', NULL),
(411, '	800230-002	', '	2632.90	', '	Impresora	', NULL),
(412, '	750058-001	', '	5008.45	', '	Escritorio trabajo	', NULL),
(413, '	543045-001	', '	16371.48	', '	Carro P/Laptop	', NULL),
(414, '	536159-001	', '	2939.74	', '	Perception 110v	', NULL),
(415, '	536159-200	', '	2227.08	', '	Weatherlink II	', NULL),
(416, '	800214-001	', '	3157.50	', '	Regulador 120v	', NULL),
(417, '	800199-007	', '	6938.58	', '	UPS	', NULL),
(418, '	536228-001	', '	16371.48	', '	Dosimetro	', NULL),
(419, '	705036-001	', '	2632.90	', '	Reg. Aire	', NULL),
(420, '	790741-002	', '	40829.72	', '	Alambrico	', NULL),
(421, '	790742-002	', '	55676.89	', '	inalamb. 2500mhz	', NULL),
(422, '	790742-001	', '	55676.89	', '	inalamb.600mhz	', NULL),
(423, '	754299-002	', '	1113.54	', '	Cable 2500	', NULL),
(424, '	754299-001	', '	1113.54	', '	Cable 600	', NULL),
(425, '	147612-313	', '	32886.48	', '	Enlace BS Cardio2	', NULL),
(426, '	142144-003	', '	0.00	', '	manual	', NULL),
(427, '	790077-001	', '	0.00	', '	Accesorios	', NULL),
(428, '	147758-003	', '	0.00	', '	Breeze Suite	', NULL),
(429, '	On Suite CD	', '	0.00	', '	Breeze Suite PF	', NULL),
(430, '	On Suite CD	', '	0.00	', '	Breeze GX Espirometria	', NULL),
(431, '	On Suite CD	', '	0.00	', '	Breeze Predicciones	', NULL),
(432, '	755108-001	', '	16401.17	', '	Reg. Gas Movil	', NULL),
(433, '	755109-001	', '	19232.03	', '	Reg. Gas Estacionario	', NULL),
(434, '	704001-004	', '	3909.75	', '	Jeringa	', NULL),
(435, '	536050-001	', '	1455.02	', '	Gas Difusion. Estacionario	', NULL),
(436, '	536053-001	', '	1247.16	', '	Gas 5%CO2	', NULL),
(437, '	536053-009	', '	1247.16	', '	Gas 21%CO2	', NULL),
(438, '	536711-002	', '	1266.96	', '	gas Difusion. Movil	', NULL),
(439, '	536711-001	', '	1266.96	', '	Gas 21%CO2 movil	', NULL),
(440, '	147612-302	', '	3286.17	', '	Sw Calorimetria	', NULL),
(441, '	147612-304	', '	3286.17	', '	Sw Interpretación	', NULL),
(442, '	147612-305	', '	3286.17	', '	Sw. Prescripcion	', NULL),
(443, '	147612-306	', '	3286.17	', '	Sw ExFVL	', NULL),
(444, '	147612-308	', '	3286.17	', '	Sw base datos	', NULL),
(445, '	147612-309	', '	3286.17	', '	Sw Interpretación	', NULL),
(446, '	147612-311	', '	3286.17	', '	sw test provocacion	', NULL),
(447, '	147612-312	', '	3286.17	', '	Sw Red	', NULL),
(448, '	147612-320	', '	3286.17	', '	Sw base datos	', NULL),
(449, '	790158-002	', '	3286.17	', '	Estacion de Red	', NULL),
(450, '	781021-004	', '	20103.07	', '	Computador Cybernet	', NULL),
(451, '	440238-002	', '	15114.42	', '	Laptop	', NULL),
(452, '	440240-001	', '	18182.83	', '	computador	', NULL),
(453, '	781030-001	', '	17866.09	', '	computador + 4 puertos	', NULL),
(454, '	440227-003	', '	3513.83	', '	Monitor	', NULL),
(455, '	800230-002	', '	2632.90	', '	Impresora	', NULL),
(456, '	800228-001	', '	15530.14	', '	Carro cardio2	', NULL),
(457, '	543047-002	', '	2286.46	', '	conf Monitor en carro	', NULL),
(458, '	543048-002	', '	4444.25	', '	conf 2 Monitor en carro	', NULL),
(459, '	750058-001	', '	5008.45	', '	Escritorio trabajo	', NULL),
(460, '	543045-001	', '	16371.48	', '	Carro P/Laptop	', NULL),
(461, '	155038-002	', '	2632.90	', '	kit acc P/carro CPx	', NULL),
(462, '	155055-001	', '	2632.90	', '	kit acc P/carro Cardio2	', NULL),
(463, '	536159-001	', '	2939.74	', '	Perception 110v	', NULL),
(464, '	536159-200	', '	2227.08	', '	Weatherlink II	', NULL),
(465, '	800214-001	', '	3157.50	', '	Regulador 120v	', NULL),
(466, '	800199-007	', '	6938.58	', '	UPS	', NULL),
(467, '	147612-302	', '	3286.17	', '	Sw Calorimetria	', NULL),
(468, '	790170-002	', '	4958.95	', '	Kit Direct Connect	', NULL),
(469, '	800630-002	', '	28170.03	', '	Canopy	', NULL),
(470, '	800703-001	', '	9977.30	', '	Face Tent	', NULL),
(471, '	800236-001	', '	11244.26	', '	Nonin 7500	', NULL),
(472, '	754622-001	', '	1069.00	', '	Cable Nonin	', NULL),
(473, '	790152-001	', '	6275.40	', '	Sist. Polar	', NULL),
(474, '	536228-001	', '	16371.48	', '	Dosimetro	', NULL),
(475, '	705036-001	', '	2632.90	', '	regulador aire dosimetro	', NULL),
(476, '	800010-003	', '	39147.04	', '	Corival 110v	', NULL),
(477, '	142144-003	', '	0.00	', '	manual	', NULL),
(478, '	670005-001	', '	0.00	', '	Accesorios	', NULL),
(479, '	670006-002*	', '	0.00	', '	Kit P/telemetria	', NULL),
(480, '	670004-004	', '	12392.44	', '	Kit  Ambulatorio	', NULL),
(481, '	670005-002	', '	0.00	', '	Acc Amulatorio	', NULL),
(482, '	147612-315	', '	3286.17	', '	Breeze Reportes	', NULL),
(483, '	440238-001	', '	15114.42	', '	Laptop	', NULL),
(484, '	440240-001	', '	18182.83	', '	computadora	', NULL),
(485, '	800230-002	', '	2632.90	', '	impresora	', NULL),
(486, '	536159-001	', '	2939.74	', '	Perception 110v	', NULL),
(487, '	800185-003	', '	3157.50	', '	Regulador 120v	', NULL),
(488, '	704002-001	', '	3909.75	', '	Jeringa	', NULL),
(489, '	650012-002	', '	1791.56	', '	Gas Assy	', NULL),
(490, '	865346-A04	', '	25,076.78	', '	4 pacientes	', NULL),
(491, '	865346-A06	', '	529,930.98	', '	6pacientes	', NULL),
(492, '	865346-A08	', '	80,922.40	', '	8pacientes	', NULL),
(493, '	865346-A12	', '	136,768.02	', '	12pacientes	', NULL),
(494, '	865346-A16	', '	192,613.63	', '	16pacientes	', NULL),
(495, '	865346-A24	', '	304,297.66	', '	24pacientes	', NULL),
(496, '	865346-A32	', '	415,988.89	', '	32 pacientes	', NULL),
(497, '	865346-C01	', '	21,289.29	', '	2 pantallas	', NULL),
(498, '	865346-C03	', '	16,008.45	', '	Alarmas	', NULL),
(499, '	865346-C14	', '	7,647.12	', '	HL7	', NULL),
(500, '	865346-C17	', '	29,405.34	', '	12 derivaciones	', NULL),
(501, '	865346-C23	', '	9,154.90	', '	exp. Holter	', NULL),
(502, '	865346-C67	', '	9,436.26	', '	alertas info.	', NULL),
(503, '	865346-C72	', '	15,777.60	', '	exporta segmentos	', NULL),
(504, '	865346-C73	', '	4,393.49	', '	SDN	', NULL),
(505, '	865346-C74	', '	18,944.66	', '	Webserver	', NULL),
(506, '	865346-C75	', '	23,215.50	', '	comp. Biomedicina	', NULL),
(507, '	865346-C76	', '	12,300.32	', '	exportador info	', NULL),
(508, '	865346-D48	', '	21,960.22	', '	48h	', NULL),
(509, '	865346-D72	', '	27,435.85	', '	72h	', NULL),
(510, '	865346-D96	', '	32,925.90	', '	96h	', NULL),
(511, '	865346-E01	', '	11,853.04	', '	EASI	', NULL),
(512, '	865346-H10	', '	15,633.31	', '	Computador	', NULL),
(513, '	865346-H20	', '	3,744.20	', '	UPS Comp	', NULL),
(514, '	865346-H30	', '	9,032.26	', '	PC remoto	', NULL),
(515, '	865346-W01	', '	18,757.09	', '	Wi Fi	', NULL),
(516, '	865058	', '	12,762.03	', '	Flat 19	', NULL),
(517, '	865059	', '	16,116.67	', '	Touch 19	', NULL),
(518, '	862121-L	', '	21,063.54	', '	Impresora Laser	', NULL),
(519, '	865435-H10	', '	15,633.31	', '	Computador	', NULL),
(520, '	865435-H20	', '	3,744.20	', '	UPS-Comp	', NULL),
(521, '	865435-H30	', '	9,032.26	', '	PC remoto	', NULL),
(522, '	865435-MP1	', '	0.00	', '	Enlace MP40	', NULL),
(523, '	865435-MP2	', '	22,349.79	', '	Enlace MP60	', NULL),
(524, '	865435-MP3	', '	22,349.79	', '	Enlace MP60	', NULL),
(525, '	865054	', '	14,017.31	', '	Suiche	', NULL),
(526, '	865058	', '	12,762.03	', '	Flat 19	', NULL),
(527, '	865059	', '	16,116.67	', '	Touch 19	', NULL),
(528, '	862121-L	', '	21,063.54	', '	Impresora Laser	', NULL),
(529, '	M2702A-B71	', '	18,345.87	', '	PNI y Pulso	', NULL),
(530, '	M2702A-C73	', '	9,970.11	', '	Frecuencia Card.	', NULL),
(531, '	M2702A-E25	', '	7,805.83	', '	Opc Bateria	', NULL),
(532, '	M2702A-J22	', '	2,229.21	', '	PS2	', NULL),
(533, '	M2702A-J70	', '	4,350.20	', '	Interfase	', NULL),
(534, '	M2702A-K01	', '	9,861.90	', '	2do Transd	', NULL),
(535, '	M2702A-K02	', '	17,819.23	', '	2do y 3er transd	', NULL),
(536, '	M2702A-K03	', '	4,783.06	', '	ECG Materno	', NULL),
(537, '	M2702A-K31	', '	1,594.35	', '	Brazaletes	', NULL),
(538, '	M2720A	', '	0.00	', '	transd. Avalon	', NULL),
(539, '	M2720A-A01	', '	39,101.31	', '	estacion	', NULL),
(540, '	M2720A-A02	', '	58,695.25	', '	estacion Toco	', NULL),
(541, '	M2720A-A03	', '	67,244.15	', '	estacion Toco y ECG	', NULL),
(542, '	M2720A-K01	', '	1,168.71	', '	antena	', NULL),
(543, '	M2720A-K30	', '	4,220.34	', '	interfaz fetal	', NULL),
(544, '	M2720A-K50	', '	757.50	', '	interfaz fetal	', NULL),
(545, '	M2740A	', '	0.00	', '	montaje	', NULL),
(546, '	M2740A-A01	', '	2,171.49	', '	montaje pared	', NULL),
(547, '	M2740A-A05	', '	5,461.20	', '	montaje pared c brazo	', NULL),
(548, '	M2740A-C02	', '	10,431.83	', '	Carro	', NULL),
(549, '	M2740A-R01	', '	4,826.34	', '	soporte vertical	', NULL),
(550, '	M2740A-W01	', '	1,111.00	', '	Riel Pared	', NULL),
(551, '	M2208A	', '	32,738.33	', '	cinturon abdom.x100	', NULL),
(552, '	M2703A-B71	', '	18,345.87	', '	PNI y Pulso	', NULL),
(553, '	M2703A-C73	', '	9,970.11	', '	Frecuencia Card.	', NULL),
(554, '	M2703A-J22	', '	2,229.21	', '	PS2	', NULL),
(555, '	M2703A-J70	', '	4,350.20	', '	Interfase	', NULL),
(556, '	M2703A-K01	', '	9,861.90	', '	2do transd	', NULL),
(557, '	M2703A-K02	', '	17,819.23	', '	2do y 3er transd	', NULL),
(558, '	M2703A-K03	', '	4,775.84	', '	ECG Materno	', NULL),
(559, '	M2703A-K04	', '	1,399.57	', '	eventos	', NULL),
(560, '	M2703A-K31	', '	1,594.35	', '	Brazaletes	', NULL),
(561, '	M2703A-K91	', '	1,890.14	', '	SPO2	', NULL),
(562, '	M2720A	', '	0.00	', '	transd inal	', NULL),
(563, '	M2720A-A01	', '	39,101.31	', '	Estacion baja	', NULL),
(564, '	M2720A-A02	', '	58,695.25	', '	Estacion Media	', NULL),
(565, '	M2720A-A03	', '	67,244.15	', '	Estación Alta	', NULL),
(566, '	M2720A-K01	', '	1,168.71	', '	antena	', NULL),
(567, '	M2720A-K30	', '	4,220.34	', '	interfaz fetal	', NULL),
(568, '	M2720A-K50	', '	757.50	', '	interfaz fetal	', NULL),
(569, '	M2740A	', '	0.00	', '	montaje	', NULL),
(570, '	M2740A-A01	', '	2,171.49	', '	montaje pared	', NULL),
(571, '	M2740A-A05	', '	5,461.20	', '	montaje pared c brazo	', NULL),
(572, '	M2740A-C02	', '	10,431.83	', '	Carro	', NULL),
(573, '	M2740A-R01	', '	4,826.34	', '	soporte vertical	', NULL),
(574, '	M2740A-W01	', '	1,111.00	', '	Riel Pared	', NULL),
(575, '	M2208A	', '	51,012.06	', '	cinturon abdom.x100	', NULL),
(576, '	860322-A01	', '	16,982.38	', '	24 Horas	', NULL),
(577, '	860322-A02	', '	19,024.01	', '	48Horas	', NULL),
(578, '	989803157511	', '	1,702.57	', '	Docking	', NULL),
(579, '	989803157451	', '	144,342.99	', '	10xGrabadora	', NULL),
(580, '	989803157461	', '	356,694.85	', '	25xGrabadora	', NULL),
(581, '	M3535A-A01	', '	11,658.25	', '	SPO2	', NULL),
(582, '	M3535A-A02	', '	34,981.97	', '	SPO2 y PNI	', NULL),
(583, '	M3535A-A03	', '	68,059.37	', '	SPO2, PNI y CO2	', NULL),
(584, '	M3535A-A04	', '	32,961.97	', '	CO2	', NULL),
(585, '	M3535A-B01	', '	18,266.52	', '	M.pasos	', NULL),
(586, '	M3535A-B02	', '	27,212.20	', '	12 derivaciones	', NULL),
(587, '	M3535A-B08	', '	24,838.71	', '	Q-CPR	', NULL),
(588, '	M3535A-C01	', '	5,042.77	', '	P.Externas	', NULL),
(589, '	M3535A-C02	', '	5,807.48	', '	P.Ext. Resiste agua	', NULL),
(590, '	M3535A-C03	', '	692.57	', '	alamcenamiento	', NULL),
(591, '	M3535A-C04	', '	2,524.99	', '	maleta	', NULL),
(592, '	M3535A-C05	', '	2,524.99	', '	bateria	', NULL),
(593, '	M3535A-SM1	', '	584.36	', '	manual serv.	', NULL),
(594, '	M3535A-SM3	', '	194.79	', '	video entrena	', NULL),
(595, '	M4741A	', '	4,039.99	', '	Pal.Int. 7,5	', NULL),
(596, '	M4742A	', '	4,039.99	', '	Pal.Int. 6	', NULL),
(597, '	M4743A	', '	4,039.99	', '	Pal.Int. 4,5	', NULL),
(598, '	M4744A	', '	4,039.99	', '	Pal.Int. 2,8	', NULL),
(599, '	M3713A	', '	2,034.42	', '	Electrodos	', NULL),
(600, '	860292-A01	', '	69,963.93	', '	Sw_1810	', NULL),
(601, '	860292-A05	', '	143,426.78	', '	sw_2010	', NULL),
(602, '	M1012A-K02	', '	3,376.28	', '	Kit Hielo	', NULL),
(603, '	M1012A-K03	', '	3,996.70	', '	Swan Ganz	', NULL),
(604, '	M1012A-K04	', '	5,035.56	', '	Acc. Comb.	', NULL),
(605, '	M1012A-K05	', '	2,214.78	', '	Kit Cub. Hielo	', NULL),
(606, '	M1012A-K06	', '	2,719.78	', '	Kit PICCO	', NULL),
(607, '	M8003A-A04	', '	3,888.49	', '	4 ondas	', NULL),
(608, '	M8003A-A06	', '	11,658.25	', '	6 ondas	', NULL),
(609, '	M8003A-C04	', '	7,149.34	', '	Rev. Sucesos	', NULL),
(610, '	M8003A-C05	', '	2,799.13	', '	Fármacos	', NULL),
(611, '	M8003A-C06	', '	4,775.84	', '	Vigilancia de Eventos	', NULL),
(612, '	M8003A-C17	', '	3,376.28	', '	Portal	', NULL),
(613, '	M8003A-C31	', '	3,498.92	', '	Capacidad 4 PI	', NULL),
(614, '	M8003A-E25	', '	3,729.77	', '	Cap. De Bateria	', NULL),
(615, '	M8003A-E26	', '	3,001.13	', '	2 baterias	', NULL),
(616, '	M8003A-H10	', '	1,940.64	', '	UCI	', NULL),
(617, '	M8003A-H20	', '	1,940.64	', '	Neonatal	', NULL),
(618, '	M8003A-H30	', '	1,940.64	', '	Quirofano/Anestesia	', NULL),
(619, '	M8003A-H40	', '	1,940.64	', '	Conf. Cardiaco	', NULL),
(620, '	M8003A-J13	', '	3,744.20	', '	RS232	', NULL),
(621, '	M8003A-J23	', '	3,073.28	', '	perilla de navegación	', NULL),
(622, '	M8003A-J25	', '	3,087.70	', '	4puertos USB	', NULL),
(623, '	M8003A-J30	', '	3,073.28	', '	rele de llamada	', NULL),
(624, '	M8003A-J35	', '	7,315.26	', '	802.11	', NULL),
(625, '	M8003A-J40	', '	2,640.42	', '	video SVGA	', NULL),
(626, '	M8003A-J50	', '	3,715.35	', '	conex. Doc Station	', NULL),
(627, '	M8003A-P01	', '	5,973.41	', '	Sepsis Pantalla	', NULL),
(628, '	M8003A-P02	', '	13,267.03	', '	Sepsis	', NULL),
(629, '	M3001A	', '	0.00	', '	Servidor Basico	', NULL),
(630, '	M3001A-A01	', '	31,093.48	', '	parámetros base	', NULL),
(631, '	M3001A-C06	', '	3,498.92	', '	P I	', NULL),
(632, '	M3001A-H06	', '	3,809.13	', '	Acc. adulto	', NULL),
(633, '	M3001A-H08	', '	4,436.77	', '	Acc. quirofano	', NULL),
(634, '	M3001A-H14	', '	4,342.99	', '	Acc Nonato	', NULL),
(635, '	21075A	', '	519.43	', '	Sensor Temp	', NULL),
(636, '	M1646A	', '	1,789.14	', '	Sensor PICCO	', NULL),
(637, '	23001A	', '	1,515.00	', '	Sens. Temp 2,4m	', NULL),
(638, '	23001B	', '	1,587.14	', '	Sens. Temp 0,5m	', NULL),
(639, '	23002A	', '	1,515.00	', '	Sonda térmica	', NULL),
(640, '	M1006B	', '	6,233.12	', '	PI	', NULL),
(641, '	M1642A	', '	1,536.64	', '	Cable G.Card. 2,7m	', NULL),
(642, '	M1643A	', '	1,680.92	', '	Cable G.Card. 4,8m	', NULL),
(643, '	M1646A	', '	1,789.14	', '	Sensor PICCO	', NULL),
(644, '	23001A	', '	1,515.00	', '	Sensor Temp 2,4m.	', NULL),
(645, '	23001B	', '	1,587.14	', '	Sensor Temp 0,5m.	', NULL),
(646, '	23002A	', '	1,515.00	', '	Sonda térmica	', NULL),
(647, '	M1027A	', '	33,041.33	', '	Modulo EE	', NULL),
(648, '	M1027A-K01	', '	1,875.71	', '	cable 5 Lead	', NULL),
(649, '	M1027A-K03	', '	2,005.57	', '	cable 5 Lead ped	', NULL),
(650, '	M1027A-K06	', '	180.36	', '	Gel	', NULL),
(651, '	M1032A	', '	3,239.20	', '	Modulo Vuelink	', NULL),
(652, '	M1032A-A03	', '	10,222.61	', '	Cable Vue Link	', NULL),
(653, '	M1034AX	', '	38,870.45	', '	Modulo BIS	', NULL),
(654, '	M1034AX-A01	', '	0.00	', '	Bis MP>40	', NULL),
(655, '	M1034AX-A02	', '	0.00	', '	BIS para MP20	', NULL),
(656, '	M1034AX-K20	', '	6,997.84	', '	Bis x 50	', NULL),
(657, '	M1116B	', '	12,206.53	', '	Registro termico	', NULL),
(658, '	M1116B-K01	', '	382.36	', '	papel x20	', NULL),
(659, '	M1116B-K02	', '	1,139.85	', '	papel x80	', NULL),
(660, '	M1012A	', '	20,856.44	', '	Gasto cardiaco	', NULL),
(661, '	M1012A-K02	', '	3,376.28	', '	Kit Hielo	', NULL),
(662, '	M1012AK-03	', '	3,996.70	', '	Swan Ganz	', NULL),
(663, '	M1012A-K04	', '	5,035.56	', '	Acc. Comb.	', NULL),
(664, '	M1012A-K05	', '	2,214.78	', '	Kit Cub. Hielo	', NULL),
(665, '	M1012A-K06	', '	2,719.78	', '	Kit PICCO	', NULL),
(666, '	M3012A	', '	11,268.68	', '	Servidor de Mediciones Hemodinámicas	', NULL),
(667, '	M3012A-C05	', '	12,826.96	', '	Gasto cardíaco por termodilución	', NULL),
(668, '	M3012A-C10	', '	18,778.73	', '	Gasto cardíaco por PICCO	', NULL),
(669, '	M3012A-K02	', '	3,376.28	', '	Acc. Baños de hielo	', NULL),
(670, '	M3012A-K03	', '	3,996.70	', '	Acc. Swan Ganz	', NULL),
(671, '	M3012A-K04	', '	5,035.56	', '	Acc. Combinados.	', NULL),
(672, '	M3012A-K05	', '	2,214.78	', '	Acc. Cubetas de Hielo	', NULL),
(673, '	M3012A-K06	', '	3,650.42	', '	Acc. PICCO	', NULL),
(674, '	M3012A-K13	', '	3,953.42	', '	Acc. SG y PiCCO	', NULL),
(675, '	M1013A	', '	53,638.05	', '	Mod. Gas Anestesia	', NULL),
(676, '	M1013A-A01	', '	0.00	', '	Sin O2	', NULL),
(677, '	M1013A-A02	', '	11,658.25	', '	Con O2	', NULL),
(678, '	M1013A-K11	', '	0.00	', '	Cable 1,5m	', NULL),
(679, '	M1013A-K12	', '	0.00	', '	cable 3m.	', NULL),
(680, '	M1013A-K13	', '	0.00	', '	cable 10m.	', NULL),
(681, '	M1657A	', '	0.00	', '	colector agua	', NULL),
(682, '	M1658A	', '	252.50	', '	tubo gases 2,6m	', NULL),
(683, '	13902A	', '	230.86	', '	codo via aerea 15mm	', NULL),
(684, '	M1612A	', '	173.14	', '	adaptador via aerea	', NULL),
(685, '	M3012A	', '	11,268.68	', '	Servidor de Mediciones Hemodinámicas	', NULL),
(686, '	M3012A-C05	', '	12,826.96	', '	Gasto cardíaco por termodilución	', NULL),
(687, '	M3012A-C10	', '	18,778.73	', '	Gasto cardíaco por PICCO	', NULL),
(688, '	M3012A-K02	', '	3,376.28	', '	Acc. Baños de hielo	', NULL),
(689, '	M3012A-K03	', '	3,996.70	', '	Acc. Swan Ganz	', NULL),
(690, '	M3012A-K04	', '	5,035.56	', '	Acc. Combinados.	', NULL),
(691, '	M3012A-K05	', '	2,214.78	', '	Acc. Cubetas de Hielo	', NULL),
(692, '	M3012A-K06	', '	3,650.42	', '	Acc. PICCO	', NULL),
(693, '	M3012A-K13	', '	3,953.42	', '	Acc. SG y PiCCO	', NULL),
(694, '	M8004A-A04	', '	3,888.49	', '	4 Ondas	', NULL),
(695, '	M8004A-A06	', '	11,658.25	', '	6 ondas	', NULL),
(696, '	M8004A-C04	', '	7,149.34	', '	Rev. Sucesos	', NULL),
(697, '	M8004A-C05	', '	2,799.13	', '	Farmacos	', NULL),
(698, '	M8004A-C06	', '	4,775.84	', '	Rev. Eventos	', NULL),
(699, '	M8004A-C17	', '	3,376.28	', '	Portal	', NULL),
(700, '	M8004A-C31	', '	3,498.92	', '	4 PI	', NULL),
(701, '	M8004A-E25	', '	3,729.77	', '	Cap Baterias	', NULL),
(702, '	M8004A-E26	', '	3,001.13	', '	2 Baterias	', NULL),
(703, '	M8004A-H10	', '	1,940.64	', '	UCI	', NULL),
(704, '	M8004A-H20	', '	1,940.64	', '	NEO 	', NULL),
(705, '	M8004A-H30	', '	1,940.64	', '	Quirofano/Anestesia	', NULL),
(706, '	M8004A-H40	', '	1,940.64	', '	Cardio	', NULL),
(707, '	M8004A.J13	', '	3,744.20	', '	RS232	', NULL),
(708, '	M8004A-J23	', '	3,073.28	', '	Nav. Remota	', NULL),
(709, '	M8004A-J25	', '	3,087.70	', '	USB	', NULL),
(710, '	M8004A-J30	', '	3,073.28	', '	interfaz Llamado	', NULL),
(711, '	M8004A-J35	', '	7,315.26	', '	Wi Fi	', NULL),
(712, '	M8004A-J40	', '	2,640.42	', '	SVGA	', NULL),
(713, '	M8004A-J50	', '	3,715.35	', '	Interfaz Docking	', NULL),
(714, '	M8004A-P01	', '	5,973.41	', '	Sepsis Pantalla	', NULL),
(715, '	M8003A-P02	', '	13,267.03	', '	Sepsis Completo	', NULL),
(716, '	M3001A	', '	0.00	', '	Servidor Basico	', NULL),
(717, '	M3001A-A01	', '	31,093.48	', '	parámetros base	', NULL),
(718, '	M3001A-C06	', '	3,498.92	', '	P I	', NULL),
(719, '	M3001A-H06	', '	3,809.13	', '	Acc. adulto	', NULL),
(720, '	M3001A-H08	', '	4,436.77	', '	Acc. quirofano	', NULL),
(721, '	M3001A-H14	', '	4,342.99	', '	Acc Nonato	', NULL),
(722, '	21075A	', '	519.43	', '	Sensor Temp	', NULL),
(723, '	M1646A	', '	1,789.14	', '	Sensor PICCO	', NULL),
(724, '	23001A	', '	1,515.00	', '	Sens. Temp 2,4m	', NULL),
(725, '	23001B	', '	1,587.14	', '	Sens. Temp 0,5m	', NULL),
(726, '	23002A	', '	1,515.00	', '	Sonda térmica	', NULL),
(727, '	M1006B	', '	6,233.12	', '	PI	', NULL),
(728, '	M1012A	', '	20,856.44	', '	Gasto cardiaco	', NULL),
(729, '	M1642A	', '	1,536.64	', '	cable CO2 2,7m	', NULL),
(730, '	M1643A	', '	1,680.92	', '	cable CO2 4,8m	', NULL),
(731, '	M1646A	', '	1,789.14	', '	Sensor PICCO	', NULL),
(732, '	23001A	', '	1,515.00	', '	Sensor Temp 2,4m.	', NULL),
(733, '	23001B	', '	1,587.14	', '	Sensor Temp 0,5m.	', NULL),
(734, '	23002A	', '	1,515.00	', '	Sonda térmica	', NULL),
(735, '	M1027A	', '	33,041.33	', '	Modulo EE	', NULL),
(736, '	M1027A-K01	', '	1,875.71	', '	cable 5 Lead	', NULL),
(737, '	M1027A-K03	', '	2,005.57	', '	cable 5 Lead ped	', NULL),
(738, '	M1027A-K06	', '	180.36	', '	Gel	', NULL),
(739, '	M1032A	', '	3,239.20	', '	Modulo Vuelink	', NULL),
(740, '	M1032A-A03	', '	10,222.61	', '	Cable Vue Link	', NULL),
(741, '	M1034AX	', '	38,870.45	', '	Modulo BIS	', NULL),
(742, '	M1034AX-A01	', '	0.00	', '	Bis MP>40	', NULL),
(743, '	M1034AX-A02	', '	0.00	', '	BIS para MP20	', NULL),
(744, '	M1034AX-K20	', '	6,997.84	', '	Bis x 50	', NULL),
(745, '	M1116B	', '	12,206.53	', '	Registro termico	', NULL),
(746, '	M1116B-K01	', '	382.36	', '	papel x20	', NULL),
(747, '	M1116B-K02	', '	1,139.85	', '	papel x80	', NULL),
(748, '	M1012A	', '	20,856.44	', '	Gasto cardiaco	', NULL),
(749, '	M1012A-K02	', '	3,376.28	', '	Kit Hielo	', NULL),
(750, '	M1012AK-03	', '	3,996.70	', '	Swan Ganz	', NULL),
(751, '	M1012A-K04	', '	5,035.56	', '	Acc. Comb.	', NULL),
(752, '	M1012A-K05	', '	2,214.78	', '	Kit Cub. Hielo	', NULL),
(753, '	M1012A-K06	', '	2,719.78	', '	Kit PICCO	', NULL),
(754, '	M1013A	', '	53,638.05	', '	Mod. Gas Anestesia	', NULL),
(755, '	M1013A-A01	', '	0.00	', '	Sin O2	', NULL),
(756, '	M1013A-A02	', '	11,658.25	', '	Con O2	', NULL),
(757, '	M1013A-K11	', '	0.00	', '	Cable 1,5m	', NULL),
(758, '	M1013A-K12	', '	0.00	', '	cable 3m.	', NULL),
(759, '	M1013A-K13	', '	0.00	', '	cable 10m.	', NULL),
(760, '	M1657A	', '	0.00	', '	colector agua	', NULL),
(761, '	M1658A	', '	180.36	', '	tubo gases 2,6m	', NULL),
(762, '	13902A	', '	230.86	', '	codo via aerea 15mm	', NULL),
(763, '	M1612A	', '	173.14	', '	adaptador via aerea	', NULL),
(764, '	M8005A-A04	', '	3,888.49	', '	4 Ondas	', NULL),
(765, '	M8005A-A06	', '	11,658.25	', '	6 ondas	', NULL),
(766, '	M8005A-A08	', '	23,323.72	', '	8 ondas	', NULL),
(767, '	M8005A-C04	', '	7,149.34	', '	rev. Neonat	', NULL),
(768, '	M8005A-C06	', '	4,775.84	', '	Vig. Eventos	', NULL),
(769, '	M8005A-C07	', '	9,544.47	', '	Vig. Eventos Av.	', NULL),
(770, '	M8005A-C17	', '	3,376.28	', '	Portal	', NULL),
(771, '	M8005A-E10	', '	1,702.57	', '	Modulos Internos	', NULL),
(772, '	M8005A-F13	', '	0.00	', '	RS232	', NULL),
(773, '	M8005A-F14	', '	0.00	', '	Puerto Paral	', NULL),
(774, '	M8005A-F23	', '	0.00	', '	Nav. Remota	', NULL),
(775, '	M8005A-H10	', '	1,940.64	', '	UCI	', NULL),
(776, '	M8005A-H20	', '	1,940.64	', '	NEO 	', NULL),
(777, '	M8005A-H30	', '	1,940.64	', '	Quirofano/Anestesia	', NULL),
(778, '	M8005A-H40	', '	1,940.64	', '	Cardio	', NULL),
(779, '	M8005A-J13	', '	3,744.20	', '	2da RS232	', NULL),
(780, '	M8005A-J14	', '	0.00	', '	2do. Puerto Paral	', NULL),
(781, '	M8005A-J20	', '	1,269.71	', '	Wi Fi	', NULL),
(782, '	M8005A-J21	', '	2,387.92	', '	2do serv. Basico	', NULL),
(783, '	M8005A-J23	', '	3,073.28	', '	Nav. Remota	', NULL),
(784, '	M8005A-J30	', '	3,073.28	', '	rele llamada	', NULL),
(785, '	M8005A-J35	', '	7,315.26	', '	Wi Fi Intellivue	', NULL),
(786, '	M8005A-P02	', '	12,870.25	', '	Sepsis	', NULL),
(787, '	M8048A	', '	9,544.47	', '	Rack	', NULL),
(788, '	M8048A-E20	', '	1,702.57	', '	montaje serv.	', NULL),
(789, '	M8048A-SC1	', '	0.00	', '	cable 0,75m	', NULL),
(790, '	M8048A-SC2	', '	0.00	', '	cable 2m	', NULL),
(791, '	M3001A	', '	0.00	', '	Servidor Basico	', NULL),
(792, '	M3001A-A01	', '	31,093.48	', '	parámetros base	', NULL),
(793, '	M3001A-C06	', '	3,498.92	', '	P I	', NULL),
(794, '	M3001A-H06	', '	3,809.13	', '	Acc. adulto	', NULL),
(795, '	M3001A-H08	', '	4,436.77	', '	Acc. quirofano	', NULL),
(796, '	M3001A-H14	', '	4,342.99	', '	Acc Nonato	', NULL),
(797, '	21075A	', '	519.43	', '	Sensor Temp	', NULL),
(798, '	M3012A	', '	11,268.68	', '	Servidor de Mediciones Hemodinámicas	', NULL),
(799, '	M3012A-C05	', '	12,826.96	', '	Gasto cardíaco por termodilución	', NULL),
(800, '	M3012A-C10	', '	18,778.73	', '	Gasto cardíaco por PICCO	', NULL),
(801, '	M3012A-K02	', '	3,376.28	', '	Acc. Baños de hielo	', NULL),
(802, '	M3012A-K03	', '	3,996.70	', '	Acc. Swan Ganz	', NULL),
(803, '	M3012A-K04	', '	5,035.56	', '	Acc. Combinados.	', NULL),
(804, '	M3012A-K05	', '	2,214.78	', '	Acc. Cubetas de Hielo	', NULL),
(805, '	M3012A-K06	', '	3,650.42	', '	Acc. PICCO	', NULL),
(806, '	M3012A-K13	', '	3,953.42	', '	Acc. SG y PiCCO	', NULL),
(807, '	M1642A	', '	1,536.64	', '	cable CO2 2,7m	', NULL),
(808, '	M1643A	', '	1,680.92	', '	cable CO2 4,8m	', NULL),
(809, '	M1646A	', '	1,789.14	', '	Sensor PICCO	', NULL),
(810, '	23001A	', '	1,515.00	', '	Sensor Temp 2,4m.	', NULL),
(811, '	23001B	', '	1,587.14	', '	Sensor Temp 0,5m.	', NULL),
(812, '	23002A	', '	1,515.00	', '	Sonda térmica	', NULL),
(813, '	M3014A	', '	0.00	', '	Servidor de Medición	', NULL),
(814, '	M3014A-A01	', '	22,421.93	', '	Sin Sensor	', NULL),
(815, '	M3014A-A02	', '	33,870.97	', '	Con Sensor	', NULL),
(816, '	M3014A-A03	', '	36,525.82	', '	Con Sensor Lateral	', NULL),
(817, '	M3014A-C05	', '	12,819.75	', '	Cap.Termodilución	', NULL),
(818, '	M3014A-C07	', '	6,896.84	', '	Cap. 2PI y Temp.	', NULL),
(819, '	M3014A-C10	', '	16,715.45	', '	Cap. Gasto, 2PI y Temp.	', NULL),
(820, '	M3014A-K01	', '	1,262.50	', '	adaptador reusable adulto	', NULL),
(821, '	M3014A-K02	', '	1,262.50	', '	adaptador reusable infante	', NULL),
(822, '	M3014A-K03	', '	995.57	', '	Adaptador adulto	', NULL),
(823, '	M3014A-K04	', '	995.57	', '	adaptador infante	', NULL),
(824, '	M3014A-K06	', '	2,719.78	', '	Acc PICCO	', NULL),
(825, '	M3014A-K13	', '	3,953.42	', '	Acc SG y PICCO	', NULL),
(826, '	M3014A-K41	', '	1,125.43	', '	Acc Adulto no entubados	', NULL),
(827, '	M3014A-K42	', '	1,125.43	', '	Acc Inf. No entubados	', NULL),
(828, '	M3014A-K43	', '	1,226.42	', '	Acc Adulto entubados	', NULL),
(829, '	M3014A-K44	', '	1,226.42	', '	Acc Inf. entubados	', NULL),
(830, '	M3015A	', '	31,634.55	', '	Servidor Microstream	', NULL),
(831, '	M3015A-C06	', '	3,888.49	', '	1 PI y Temperatura	', NULL),
(832, '	M3015A-K30	', '	2,503.35	', '	Acc Adulto no entubados	', NULL),
(833, '	M3015A-K31	', '	2,503.35	', '	Acc Ped.No entubados	', NULL),
(834, '	M3015A-K32	', '	2,719.78	', '	Acc. Adullto entubado	', NULL),
(835, '	M3015A-K33	', '	3,498.92	', '	Acc. Ped. Y Neon entubado	', NULL),
(836, '	M3015A-K34	', '	2,503.35	', '	Cánula y mascarilla Adulto	', NULL),
(837, '	M3015A-K35	', '	2,503.35	', '	Cánula y mascarilla Ped.	', NULL),
(838, '	M1006B	', '	6,233.12	', '	PI	', NULL),
(839, '	M1012A	', '	20,856.44	', '	Gasto cardiaco	', NULL),
(840, '	M1012A-K02	', '	3,376.28	', '	Kit Hielo	', NULL),
(841, '	M1012A-K03	', '	3,996.70	', '	Swan Ganz	', NULL),
(842, '	M1012A-K04	', '	5,035.56	', '	Acc. Comb.	', NULL),
(843, '	M1012A-K05	', '	2,214.78	', '	Kit Cub. Hielo	', NULL),
(844, '	M1012A-K06	', '	2,719.78	', '	Kit PICCO	', NULL),
(845, '	23001A	', '	1,515.00	', '	Sensor Temp 2,4m.	', NULL),
(846, '	23001B	', '	1,587.14	', '	Sensor Temp 0,5m.	', NULL),
(847, '	23002A	', '	1,515.00	', '	Sonda térmica	', NULL),
(848, '	M1027A	', '	33,041.33	', '	Modulo EE	', NULL),
(849, '	M1027A-K01	', '	1,875.71	', '	cable 5 Lead	', NULL),
(850, '	M1027A-K03	', '	2,005.57	', '	cable 5 Lead ped	', NULL),
(851, '	M1027A-K06	', '	180.36	', '	Gel	', NULL),
(852, '	M1032A	', '	3,239.20	', '	Modulo Vuelink	', NULL),
(853, '	M1032A-A03	', '	10,222.61	', '	Cable Vue Link	', NULL),
(854, '	M1034AX	', '	38,870.45	', '	Modulo BIS	', NULL),
(855, '	M1034AX-A01	', '	0.00	', '	Bis MP>40	', NULL),
(856, '	M1034AX-A02	', '	0.00	', '	BIS para MP20	', NULL),
(857, '	M1034AX-K20	', '	6,997.84	', '	Bis x 50	', NULL),
(858, '	M1116B	', '	12,206.53	', '	Registro termico	', NULL),
(859, '	M1116B-K01	', '	382.36	', '	papel x20	', NULL),
(860, '	M1116B-K02	', '	1,139.85	', '	papel x80	', NULL),
(861, '	M1026B	', '	77,740.91	', '	M. Gas anestesico	', NULL),
(862, '	M1026B-K11	', '	0.00	', '	Cable 1,5m	', NULL),
(863, '	M1657A	', '	0.00	', '	colector agua	', NULL),
(864, '	M1658A	', '	180.36	', '	tubo gases 2,6m	', NULL),
(865, '	13902A	', '	230.86	', '	codo via aerea 15mm	', NULL),
(866, '	M1612A	', '	173.14	', '	adaptador via aerea	', NULL),
(867, '	AG-0018-21D	', '	1,125.43	', '	Soporte	', NULL),
(868, '	WC-0002-05	', '	147.89	', '	Riel	', NULL),
(869, '	AG-0018-60	', '	1,969.49	', '	Base Rodante	', NULL),
(870, '	DX-0024-96	', '	4,104.92	', '	Montaje Datex	', NULL),
(871, '	AG-0018-95	', '	3,556.63	', '	Montaje ADU	', NULL),
(872, '	AG-0018-06	', '	1,875.71	', '	Montaje aespire	', NULL),
(873, '	AG-0018-12	', '	5,406.73	', '	Montaje Aisys	', NULL),
(874, '	AG-0018-10	', '	2,719.78	', '	Montaje Advanced	', NULL),
(875, '	AG-0018-04	', '	4,637.69	', '	Montaje Fabius	', NULL),
(876, '	AG-0018-03	', '	2,872.72	', '	Montaje Julian	', NULL),
(877, '	M8007A-A04	', '	3,888.49	', '	4 Ondas	', NULL),
(878, '	M8007A-A06	', '	11,658.25	', '	6 Ondas	', NULL),
(879, '	M8007A-A08	', '	23,323.72	', '	8 Ondas	', NULL),
(880, '	M8007A-C04	', '	7,149.34	', '	rev. Neonat	', NULL),
(881, '	M8007A-C17	', '	3,376.28	', '	Portal	', NULL),
(882, '	M8007A-E10	', '	1,702.57	', '	2 modulos internos	', NULL),
(883, '	M8007A-F13	', '	0.00	', '	RS232	', NULL),
(884, '	M8007A-F14	', '	0.00	', '	Puerto Paral	', NULL),
(885, '	M8007A-F22	', '	0.00	', '	ps2	', NULL),
(886, '	M8007A-F23	', '	0.00	', '	Nav. Remota	', NULL);
INSERT INTO `accesorio` (`Id_Accesorio`, `Nombre`, `Precio`, `Descripcion`, `Descripcion2`) VALUES
(887, '	M8007A-F25	', '	0.00	', '	USB_free	', NULL),
(888, '	M8007A-F30	', '	0.00	', '	rele llamada	', NULL),
(889, '	M8007A-H10	', '	1,940.64	', '	UCI	', NULL),
(890, '	M8007A-H20	', '	1,940.64	', '	Neonatal	', NULL),
(891, '	M8007A-H30	', '	1,940.64	', '	Quirofano/Anestesia	', NULL),
(892, '	M8007A-H40	', '	1,940.64	', '	Cardio	', NULL),
(893, '	M8007A-J13	', '	3,744.20	', '	2da RS232	', NULL),
(894, '	M8007A-J14	', '	0.00	', '	Imp. Paralela	', NULL),
(895, '	M8007A-J20	', '	1,269.71	', '	Wi Fi	', NULL),
(896, '	M8007A-J21	', '	2,387.92	', '	2do serv. Basico	', NULL),
(897, '	M8007A-J23	', '	3,073.28	', '	perilla de navegación	', NULL),
(898, '	M8007A-J25	', '	3,087.70	', '	USB	', NULL),
(899, '	M8007A-J30	', '	3,073.28	', '	rele llamada	', NULL),
(900, '	M8007A-J35	', '	7,315.26	', '	Wi Fi	', NULL),
(901, '	M8007A-P02	', '	12,870.25	', '	sepsis	', NULL),
(902, '	M8048A	', '	9,544.47	', '	rack	', NULL),
(903, '	M8048A-E20	', '	1,702.57	', '	montaje serv.	', NULL),
(904, '	M8048A-SC1	', '	0.00	', '	cable rack0,75m	', NULL),
(905, '	M8048A-SC2	', '	0.00	', '	cable rack 2m	', NULL),
(906, '	M3001A	', '	0.00	', '	Servidor Basico	', NULL),
(907, '	M3001A-A01	', '	31,093.48	', '	parámetros base	', NULL),
(908, '	M3001A-C06	', '	3,498.92	', '	P I	', NULL),
(909, '	M3001A-H06	', '	3,809.13	', '	Acc. adulto	', NULL),
(910, '	M3001A-H08	', '	4,436.77	', '	Acc. quirofano	', NULL),
(911, '	M3001A-H14	', '	4,342.99	', '	Acc Nonato	', NULL),
(912, '	21075A	', '	519.43	', '	Sensor Temp	', NULL),
(913, '	M3012A	', '	11,268.68	', '	Servidor de Mediciones Hemodinámicas	', NULL),
(914, '	M3012A-C05	', '	12,826.96	', '	Gasto cardíaco por termodilución	', NULL),
(915, '	M3012A-C10	', '	18,778.73	', '	Gasto cardíaco por PICCO	', NULL),
(916, '	M3012A-K02	', '	3,376.28	', '	Acc. Baños de hielo	', NULL),
(917, '	M3012A-K03	', '	3,996.70	', '	Acc. Swan Ganz	', NULL),
(918, '	M3012A-K04	', '	5,035.56	', '	Acc. Combinados.	', NULL),
(919, '	M3012A-K05	', '	2,214.78	', '	Acc. Cubetas de Hielo	', NULL),
(920, '	M3012A-K06	', '	3,650.42	', '	Acc. PICCO	', NULL),
(921, '	M3012A-K13	', '	3,953.42	', '	Acc. SG y PiCCO	', NULL),
(922, '	M1642A	', '	1,536.64	', '	cable CO2 2,7m	', NULL),
(923, '	M1643A	', '	1,680.92	', '	cable CO2 4,8m	', NULL),
(924, '	M1646A	', '	1,789.14	', '	Sensor PICCO	', NULL),
(925, '	M3014A	', '	0.00	', '	Servidor de Medición	', NULL),
(926, '	M3014A-A01	', '	22,421.93	', '	Sin Sensor	', NULL),
(927, '	M3014A-A02	', '	33,870.97	', '	Con Sensor	', NULL),
(928, '	M3014A-A03	', '	36,525.82	', '	Con Sensor Lateral	', NULL),
(929, '	M3014A-C05	', '	12,819.75	', '	Cap.Termodilución	', NULL),
(930, '	M3014A-C07	', '	6,896.84	', '	Cap. 2PI y Temp.	', NULL),
(931, '	M3014A-C10	', '	16,715.45	', '	Cap. Gasto, 2PI y Temp.	', NULL),
(932, '	M3014A-K01	', '	1,262.50	', '	adaptador reusable adulto	', NULL),
(933, '	M3014A-K02	', '	1,262.50	', '	adaptador reusable infante	', NULL),
(934, '	M3014A-K03	', '	995.57	', '	Adaptador adulto	', NULL),
(935, '	M3014A-K04	', '	995.57	', '	adaptador infante	', NULL),
(936, '	M3014A-K06	', '	2,719.78	', '	Acc PICCO	', NULL),
(937, '	M3014A-K13	', '	3,953.42	', '	Acc SG y PICCO	', NULL),
(938, '	M3014A-K41	', '	1,125.43	', '	Acc Adulto no entubados	', NULL),
(939, '	M3014A-K42	', '	1,125.43	', '	Acc Inf. No entubados	', NULL),
(940, '	M3014A-K43	', '	1,226.42	', '	Acc Adulto entubados	', NULL),
(941, '	M3014A-K44	', '	1,226.42	', '	Acc Inf. entubados	', NULL),
(942, '	M3015A	', '	31,634.55	', '	Servidor Microstream	', NULL),
(943, '	M3015A-C06	', '	3,888.49	', '	1 PI y Temperatura	', NULL),
(944, '	M3015A-K30	', '	2,503.35	', '	Acc Adulto no entubados	', NULL),
(945, '	M3015A-K31	', '	2,503.35	', '	Acc Ped.No entubados	', NULL),
(946, '	M3015A-K32	', '	2,719.78	', '	Acc. Adullto entubado	', NULL),
(947, '	M3015A-K33	', '	3,498.92	', '	Acc. Ped. Y Neon entubado	', NULL),
(948, '	M3015A-K34	', '	2,503.35	', '	Cánula y mascarilla Adulto	', NULL),
(949, '	M3015A-K35	', '	2,503.35	', '	Cánula y mascarilla Ped.	', NULL),
(950, '	M1006B	', '	6,233.12	', '	PI	', NULL),
(951, '	M1012A	', '	20,856.44	', '	Gasto cardiaco	', NULL),
(952, '	M1012A-K02	', '	3,376.28	', '	Kit Hielo	', NULL),
(953, '	M1012A-K03	', '	3,996.70	', '	Swan Ganz	', NULL),
(954, '	M1012A-K04	', '	5,035.56	', '	Acc. Comb.	', NULL),
(955, '	M1012A-K05	', '	2,214.78	', '	Kit Cub. Hielo	', NULL),
(956, '	M1012A-K06	', '	2,719.78	', '	Kit PICCO	', NULL),
(957, '	23001A	', '	1,515.00	', '	Sensor Temp 2,4m.	', NULL),
(958, '	23001B	', '	1,587.14	', '	Sensor Temp 0,5m.	', NULL),
(959, '	23002A	', '	1,515.00	', '	Sonda térmica	', NULL),
(960, '	M1027A	', '	33,041.33	', '	Modulo EE	', NULL),
(961, '	M1027A-K01	', '	1,875.71	', '	cable 5 Lead	', NULL),
(962, '	M1027A-K03	', '	2,005.57	', '	cable 5 Lead ped	', NULL),
(963, '	M1027A-K06	', '	180.36	', '	Gel	', NULL),
(964, '	M1032A	', '	3,239.20	', '	Modulo Vuelink	', NULL),
(965, '	M1032A-A03	', '	10,222.61	', '	Cable Vue Link	', NULL),
(966, '	M1034AX	', '	38,870.45	', '	Modulo BIS	', NULL),
(967, '	M1034AX-A01	', '	0.00	', '	Bis MP>40	', NULL),
(968, '	M1034AX-A02	', '	0.00	', '	BIS para MP20	', NULL),
(969, '	M1034AX-K20	', '	6,997.84	', '	Bis x 50	', NULL),
(970, '	M1116B	', '	12,206.53	', '	Registro termico	', NULL),
(971, '	M1116B-K01	', '	382.36	', '	papel x20	', NULL),
(972, '	M1116B-K02	', '	1,139.85	', '	papel x80	', NULL),
(973, '	M1026B	', '	77,740.91	', '	M. Gas anestesico	', NULL),
(974, '	M1026B-K11	', '	0.00	', '	Cable 1,5m	', NULL),
(975, '	M1013A-K12	', '	0.00	', '	cable 3m.	', NULL),
(976, '	M1657A	', '	2,474.49	', '	colector agua	', NULL),
(977, '	M1658A	', '	180.36	', '	tubo gases 2,6m	', NULL),
(978, '	13902A	', '	230.86	', '	codo via aerea 15mm	', NULL),
(979, '	M1612A	', '	173.14	', '	adaptador via aerea	', NULL),
(980, '	AG-0018-21D	', '	1,125.43	', '	Soporte	', NULL),
(981, '	WC-0002-05	', '	147.89	', '	Riel	', NULL),
(982, '	AG-0018-60	', '	1,969.49	', '	Base Rodante	', NULL),
(983, '	DX-0024-96	', '	4,104.92	', '	Montaje Datex	', NULL),
(984, '	AG-0018-95	', '	3,556.63	', '	Montaje ADU	', NULL),
(985, '	AG-0018-06	', '	1,875.71	', '	Montaje aespire	', NULL),
(986, '	AG-0018-12	', '	5,406.73	', '	Montaje Aisys	', NULL),
(987, '	AG-0018-10	', '	2,719.78	', '	Montaje Advanced	', NULL),
(988, '	AG-0018-04	', '	4,637.69	', '	Montaje Fabius	', NULL),
(989, '	AG-0018-03	', '	2,872.72	', '	Montaje Julian	', NULL),
(990, '	M8002A-E22	', '	1,940.64	', '	Montaje rapido	', NULL),
(991, '	M8002A-E24	', '	1,507.78	', '	Bateria Litio	', NULL),
(992, '	M8002A-E25	', '	779.14	', '	Cap. De Bateria	', NULL),
(993, '	M8002A-E26	', '	3,001.13	', '	2 baterias	', NULL),
(994, '	M8002A-H10	', '	1,940.64	', '	UCI	', NULL),
(995, '	M8002A-H20	', '	1,940.64	', '	Neonatal	', NULL),
(996, '	M8002A-H30	', '	1,940.64	', '	Quirofano/Anestesia	', NULL),
(997, '	M8002A-H40	', '	1,940.64	', '	Conf. Cardiaco	', NULL),
(998, '	M8002A-J13	', '	3,744.20	', '	RS232	', NULL),
(999, '	M8002A-J16	', '	3,181.49	', '	Cap. Bis	', NULL),
(1000, '	M8002A-J23	', '	2,041.64	', '	perilla de navegación	', NULL),
(1001, '	M8002A-J25	', '	3,087.70	', '	4puertos USB	', NULL),
(1002, '	M8002A-J30	', '	3,073.28	', '	rele de llamada	', NULL),
(1003, '	M8002A-J35	', '	7,315.26	', '	802.11	', NULL),
(1004, '	M8002A-J40	', '	2,640.42	', '	video SVGA	', NULL),
(1005, '	M8002A-J50	', '	3,715.35	', '	conex. Doc Station	', NULL),
(1006, '	M8002A-J47	', '	8,765.33	', '	Telemetria 2,4Ghz	', NULL),
(1007, '	M8002A-P01	', '	5,973.41	', '	Sepsis	', NULL),
(1008, '	M3001A	', '	0.00	', '	Servidor Basico	', NULL),
(1009, '	M3001A-A01	', '	31,093.48	', '	parámetros base	', NULL),
(1010, '	M3001A-C06	', '	3,498.92	', '	P I	', NULL),
(1011, '	M3001A-H06	', '	3,809.13	', '	Acc. adulto	', NULL),
(1012, '	M3001A-H08	', '	4,436.77	', '	Acc. quirofano	', NULL),
(1013, '	M3001A-H14	', '	4,342.99	', '	Acc Nonato	', NULL),
(1014, '	21075A	', '	519.43	', '	Sensor Temp	', NULL),
(1015, '	M3012A	', '	11,268.68	', '	Servidor de Mediciones Hemodinámicas	', NULL),
(1016, '	M3012A-C05	', '	12,826.96	', '	Gasto cardíaco por termodilución	', NULL),
(1017, '	M3012A-C10	', '	18,778.73	', '	Gasto cardíaco por PICCO	', NULL),
(1018, '	M3012A-K02	', '	3,376.28	', '	Acc. Baños de hielo	', NULL),
(1019, '	M3012A-K03	', '	3,996.70	', '	Acc. Swan Ganz	', NULL),
(1020, '	M3012A-K04	', '	5,035.56	', '	Acc. Combinados.	', NULL),
(1021, '	M3012A-K05	', '	2,214.78	', '	Acc. Cubetas de Hielo	', NULL),
(1022, '	M3012A-K06	', '	3,650.42	', '	Acc. PICCO	', NULL),
(1023, '	M3012A-K13	', '	3,953.42	', '	Acc. SG y PiCCO	', NULL),
(1024, '	M1642A	', '	1,536.64	', '	Cable G.Card. 2,7m	', NULL),
(1025, '	M1643A	', '	1,680.92	', '	Cable G.Card. 4,8m	', NULL),
(1026, '	M1646A	', '	1,789.14	', '	Sensor PICCO	', NULL),
(1027, '	23001A	', '	1,515.00	', '	Sensor Temp 2,4m.	', NULL),
(1028, '	23001B	', '	1,587.14	', '	Sensor Temp 0,5m.	', NULL),
(1029, '	23002A	', '	1,515.00	', '	Sonda térmica	', NULL),
(1030, '	M3014A	', '	0.00	', '	Servidor de Medición	', NULL),
(1031, '	M3014A-A01	', '	22,421.93	', '	Sin Sensor	', NULL),
(1032, '	M3014A-A02	', '	33,870.97	', '	Con Sensor	', NULL),
(1033, '	M3014A-A03	', '	36,525.82	', '	Con Sensor Lateral	', NULL),
(1034, '	M3014A-C05	', '	12,819.75	', '	Cap.Termodilución	', NULL),
(1035, '	M3014A-C07	', '	6,896.84	', '	Cap. 2PI y Temp.	', NULL),
(1036, '	M3014A-C10	', '	16,715.45	', '	Cap. Gasto, 2PI y Temp.	', NULL),
(1037, '	M3014A-K01	', '	1,262.50	', '	adaptador reusable adulto	', NULL),
(1038, '	M3014A-K02	', '	1,262.50	', '	adaptador reusable infante	', NULL),
(1039, '	M3014A-K03	', '	995.57	', '	Adaptador adulto	', NULL),
(1040, '	M3014A-K04	', '	995.57	', '	adaptador infante	', NULL),
(1041, '	M3014A-K06	', '	2,719.78	', '	Acc PICCO	', NULL),
(1042, '	M3014A-K13	', '	3,953.42	', '	Acc SG y PICCO	', NULL),
(1043, '	M3014A-K41	', '	1,125.43	', '	Acc Adulto no entubados	', NULL),
(1044, '	M3014A-K42	', '	1,125.43	', '	Acc Inf. No entubados	', NULL),
(1045, '	M3014A-K43	', '	1,226.42	', '	Acc Adulto entubados	', NULL),
(1046, '	M3014A-K44	', '	1,226.42	', '	Acc Inf. entubados	', NULL),
(1047, '	M3015A	', '	31,634.55	', '	Servidor Microstream	', NULL),
(1048, '	M3015A-C06	', '	3,888.49	', '	1 PI y Temperatura	', NULL),
(1049, '	M3015A-K30	', '	2,503.35	', '	Acc Adulto no entubados	', NULL),
(1050, '	M3015A-K31	', '	2,503.35	', '	Acc Ped.No entubados	', NULL),
(1051, '	M3015A-K32	', '	2,719.78	', '	Acc. Adullto entubado	', NULL),
(1052, '	M3015A-K33	', '	3,498.92	', '	Acc. Ped. Y Neon entubado	', NULL),
(1053, '	M3015A-K34	', '	2,503.35	', '	Cánula y mascarilla Adulto	', NULL),
(1054, '	M3015A-K35	', '	2,503.35	', '	Cánula y mascarilla Ped.	', NULL),
(1055, '	M1034AX	', '	38,870.45	', '	Modulo BIS	', NULL),
(1056, '	M1034AX-A02	', '	0.00	', '	BIS para MP20	', NULL),
(1057, '	M1034AX-K20	', '	6,997.84	', '	Bis x 50	', NULL),
(1058, '	865240-A06	', '	4,198.70	', '	6 Ondas	', NULL),
(1059, '	865240-A08	', '	8,404.62	', '	8 Ondas	', NULL),
(1060, '	865240-A12	', '	12,603.32	', '	12 Ondas	', NULL),
(1061, '	865240-C07	', '	3,441.20	', '	Vigilancia	', NULL),
(1062, '	865240-E08	', '	1,724.21	', '	Rack	', NULL),
(1063, '	865240-E42	', '	3,268.06	', '	DVI	', NULL),
(1064, '	865240-H10	', '	692.57	', '	UCI	', NULL),
(1065, '	865240-H20	', '	692.57	', '	NEO	', NULL),
(1066, '	865240-H30	', '	692.57	', '	Quirofano/Anestesia	', NULL),
(1067, '	865240-H40	', '	692.57	', '	Cardio	', NULL),
(1068, '	865240-J13	', '	1,356.28	', '	RS232	', NULL),
(1069, '	865240-J35	', '	2,633.21	', '	Wi Fi	', NULL),
(1070, '	865240-J45	', '	3,895.70	', '	Telemetria 1,4 Mhz	', NULL),
(1071, '	865240-J47	', '	3,167.06	', '	Telemetria 2,4 Mhz	', NULL),
(1072, '	865240-P01	', '	2,149.85	', '	Vig. Sepsis	', NULL),
(1073, '	865240-P02	', '	4,631.56	', '	Sepsis SSC	', NULL),
(1074, '	865240-PC0	', '	16,354.74	', '	Comp Adic.	', NULL),
(1075, '	865240-SC1	', '	0.00	', '	Cable Modular 0,75m	', NULL),
(1076, '	865240-SC2	', '	0.00	', '	Cable Modular 2m	', NULL),
(1077, '	865240-SC4	', '	0.00	', '	Cable Modular 4m	', NULL),
(1078, '	865240-SC6	', '	151.50	', '	Cable Modular 10m	', NULL),
(1079, '	865240-X00	', '	3,895.70	', '	XDS	', NULL),
(1080, '	865240-X30	', '	973.93	', '	XDS clinico	', NULL),
(1081, '	M3001A	', '	0.00	', '	Servidor Basico	', NULL),
(1082, '	M3001A-A01	', '	31,093.48	', '	parámetros base	', NULL),
(1083, '	M3001A-C06	', '	3,498.92	', '	P I	', NULL),
(1084, '	M3001A-H06	', '	3,809.13	', '	Acc. adulto	', NULL),
(1085, '	M3001A-H08	', '	4,436.77	', '	Acc. quirofano	', NULL),
(1086, '	M3001A-H14	', '	4,342.99	', '	Acc Nonato	', NULL),
(1087, '	21075A	', '	519.43	', '	Sensor Temp	', NULL),
(1088, '	M3012A	', '	11,268.68	', '	Servidor de Mediciones Hemodinámicas	', NULL),
(1089, '	M3012A-C05	', '	12,826.96	', '	Gasto cardíaco por termodilución	', NULL),
(1090, '	M3012A-C10	', '	18,778.73	', '	Gasto cardíaco por PICCO	', NULL),
(1091, '	M3012A-K02	', '	3,376.28	', '	Acc. Baños de hielo	', NULL),
(1092, '	M3012A-K03	', '	3,996.70	', '	Acc. Swan Ganz	', NULL),
(1093, '	M3012A-K04	', '	5,035.56	', '	Acc. Combinados.	', NULL),
(1094, '	M3012A-K05	', '	2,214.78	', '	Acc. Cubetas de Hielo	', NULL),
(1095, '	M3012A-K06	', '	3,650.42	', '	Acc. PICCO	', NULL),
(1096, '	M3012A-K13	', '	3,953.42	', '	Acc. SG y PiCCO	', NULL),
(1097, '	M1642A	', '	1,536.64	', '	cable CO2 2,7m	', NULL),
(1098, '	M1643A	', '	1,680.92	', '	cable CO2 4,8m	', NULL),
(1099, '	M1646A	', '	1,789.14	', '	Sensor PICCO	', NULL),
(1100, '	23001A	', '	1,515.00	', '	Sensor Temp 2,4m.	', NULL),
(1101, '	23001B	', '	1,587.14	', '	Sensor Temp 0,5m.	', NULL),
(1102, '	23002A	', '	1,515.00	', '	Sonda térmica	', NULL),
(1103, '	M3014A	', '	0.00	', '	Servidor de Medición	', NULL),
(1104, '	M3014A-A01	', '	22,421.93	', '	Sin Sensor	', NULL),
(1105, '	M3014A-A02	', '	33,870.97	', '	Con Sensor	', NULL),
(1106, '	M3014A-A03	', '	36,525.82	', '	Con Sensor Lateral	', NULL),
(1107, '	M3014A-C05	', '	12,819.75	', '	Cap.Termodilución	', NULL),
(1108, '	M3014A-C07	', '	6,896.84	', '	Cap. 2PI y Temp.	', NULL),
(1109, '	M3014A-C10	', '	16,715.45	', '	Cap. Gasto, 2PI y Temp.	', NULL),
(1110, '	M3014A-K01	', '	1,262.50	', '	adaptador reusable adulto	', NULL),
(1111, '	M3014A-K02	', '	1,262.50	', '	adaptador reusable infante	', NULL),
(1112, '	M3014A-K03	', '	995.57	', '	Adaptador adulto	', NULL),
(1113, '	M3014A-K04	', '	995.57	', '	adaptador infante	', NULL),
(1114, '	M3014A-K06	', '	2,719.78	', '	Acc PICCO	', NULL),
(1115, '	M3014A-K13	', '	3,953.42	', '	Acc SG y PICCO	', NULL),
(1116, '	M3014A-K41	', '	1,125.43	', '	Acc Adulto no entubados	', NULL),
(1117, '	M3014A-K42	', '	1,125.43	', '	Acc Inf. No entubados	', NULL),
(1118, '	M3014A-K43	', '	1,226.42	', '	Acc Adulto entubados	', NULL),
(1119, '	M3014A-K44	', '	1,226.42	', '	Acc Inf. entubados	', NULL),
(1120, '	M3015A	', '	31,634.55	', '	Servidor Microstream	', NULL),
(1121, '	M3015A-C06	', '	3,888.49	', '	1 PI y Temperatura	', NULL),
(1122, '	M3015A-K30	', '	2,503.35	', '	Acc Adulto no entubados	', NULL),
(1123, '	M3015A-K31	', '	2,503.35	', '	Acc Ped.No entubados	', NULL),
(1124, '	M3015A-K32	', '	2,719.78	', '	Acc. Adullto entubado	', NULL),
(1125, '	M3015A-K33	', '	3,498.92	', '	Acc. Ped. Y Neon entubado	', NULL),
(1126, '	M3015A-K34	', '	2,503.35	', '	Cánula y mascarilla Adulto	', NULL),
(1127, '	M3015A-K35	', '	2,503.35	', '	Cánula y mascarilla Ped.	', NULL),
(1128, '	M1006B	', '	6,233.12	', '	PI	', NULL),
(1129, '	M1012A	', '	20,856.44	', '	Gasto cardiaco	', NULL),
(1130, '	M1012A-K02	', '	3,376.28	', '	Kit Hielo	', NULL),
(1131, '	M1012A-K03	', '	3,996.70	', '	Swan Ganz	', NULL),
(1132, '	M1012A-K04	', '	5,035.56	', '	Acc. Comb.	', NULL),
(1133, '	M1012A-K05	', '	2,214.78	', '	Kit Cub. Hielo	', NULL),
(1134, '	M1012A-K06	', '	2,719.78	', '	Kit PICCO	', NULL),
(1135, '	M1027A	', '	33,041.33	', '	Modulo EE	', NULL),
(1136, '	M1027A-K01	', '	1,875.71	', '	cable 5 Lead	', NULL),
(1137, '	M1027A-K03	', '	2,005.57	', '	cable 5 Lead ped	', NULL),
(1138, '	M1027A-K06	', '	180.36	', '	Gel	', NULL),
(1139, '	M1032A	', '	3,239.20	', '	Modulo Vuelink	', NULL),
(1140, '	M1032A-A03	', '	10,222.61	', '	Cable Vue Link	', NULL),
(1141, '	M1034AX	', '	38,870.45	', '	Modulo BIS	', NULL),
(1142, '	M1034AX-A01	', '	0.00	', '	Bis MP>40	', NULL),
(1143, '	M1034AX-A02	', '	0.00	', '	BIS para MP20	', NULL),
(1144, '	M1034AX-K20	', '	6,997.84	', '	Bis x 50	', NULL),
(1145, '	M1116B	', '	12,206.53	', '	Registro termico	', NULL),
(1146, '	M1116B-K01	', '	382.36	', '	papel x20	', NULL),
(1147, '	M1116B-K02	', '	1,139.85	', '	papel x80	', NULL),
(1148, '	M1026B	', '	77,740.91	', '	M. Gas anestesico	', NULL),
(1149, '	M1026B-K11	', '	0.00	', '	Cable 1,5m	', NULL),
(1150, '	M1013A-K12	', '	0.00	', '	interfase 3m	', NULL),
(1151, '	M1658A	', '	180.36	', '	tubo gases 2,6m	', NULL),
(1152, '	13902A	', '	230.86	', '	codo via aerea 15mm	', NULL),
(1153, '	M1612A	', '	173.14	', '	adaptador via aerea	', NULL),
(1154, '	AG-0018-21	', '	1,125.43	', '	Soporte	', NULL),
(1155, '	WC-0002-05	', '	147.89	', '	Riel	', NULL),
(1156, '	AG-0018-60	', '	1,969.49	', '	Base Rodante	', NULL),
(1157, '	DX-0024-96	', '	4,104.92	', '	Montaje Datex	', NULL),
(1158, '	AG-0018-95	', '	3,556.63	', '	Montaje ADU	', NULL),
(1159, '	AG-0018-06	', '	1,875.71	', '	Montaje aespire	', NULL),
(1160, '	AG-0018-12	', '	5,406.73	', '	Montaje Aisys	', NULL),
(1161, '	AG-0018-10	', '	2,719.78	', '	Montaje Advanced	', NULL),
(1162, '	AG-0018-04	', '	4,637.69	', '	Montaje Fabius	', NULL),
(1163, '	AG-0018-03	', '	2,872.72	', '	Montaje Julian	', NULL),
(1164, '	M3001A-A01	', '	31,093.48	', '	parámetros base	', NULL),
(1165, '	M3001A-C06	', '	3,498.92	', '	P I	', NULL),
(1166, '	M3001A-H06	', '	3,809.13	', '	Acc. adulto	', NULL),
(1167, '	M3001A-H08	', '	4,436.77	', '	Acc. quirofano	', NULL),
(1168, '	M3001A-H14	', '	4,342.99	', '	Acc Nonato	', NULL),
(1169, '	21075A	', '	230.86	', '	codo via aerea 15mm	', NULL),
(1170, '	M1034AX-A02	', '	0.00	', '	BIS para MP20	', NULL),
(1171, '	M1034AX-K20	', '	6,997.84	', '	Bis x 50	', NULL),
(1172, '	M3014A-A01	', '	22,421.93	', '	Sin Sensor	', NULL),
(1173, '	M3014A-A02	', '	33,870.97	', '	Con Sensor	', NULL),
(1174, '	M3014A-A03	', '	36,525.82	', '	Con Sensor Lateral	', NULL),
(1175, '	M3014A-C05	', '	12,819.75	', '	Cap.Termodilución	', NULL),
(1176, '	M3014A-C07	', '	6,896.84	', '	Cap. 2PI y Temp.	', NULL),
(1177, '	M3014A-C10	', '	16,715.45	', '	Cap. Gasto, 2PI y Temp.	', NULL),
(1178, '	M3014A-K01	', '	1,262.50	', '	adaptador reusable adulto	', NULL),
(1179, '	M3014A-K02	', '	1,262.50	', '	adaptador reusable infante	', NULL),
(1180, '	M3014A-K03	', '	995.57	', '	Adaptador adulto	', NULL),
(1181, '	M3014A-K04	', '	995.57	', '	adaptador infante	', NULL),
(1182, '	M3014A-K06	', '	2,719.78	', '	Acc PICCO	', NULL),
(1183, '	M3014A-K13	', '	3,953.42	', '	Acc SG y PICCO	', NULL),
(1184, '	M3014A-K41	', '	1,125.43	', '	Acc Adulto no entubados	', NULL),
(1185, '	M3014A-K42	', '	1,125.43	', '	Acc Inf. No entubados	', NULL),
(1186, '	M3014A-K43	', '	1,226.42	', '	Acc Adulto entubados	', NULL),
(1187, '	M3014A-K44	', '	1,226.42	', '	Acc Inf. entubados	', NULL),
(1188, '	M3012A-C05	', '	12,826.96	', '	Gasto cardíaco por termodilución	', NULL),
(1189, '	M3012A-C10	', '	18,778.73	', '	Gasto cardíaco por PICCO	', NULL),
(1190, '	M3012A-K02	', '	3,376.28	', '	Acc. Baños de hielo	', NULL),
(1191, '	M3012A-K03	', '	3,996.70	', '	Acc. Swan Ganz	', NULL),
(1192, '	M3012A-K04	', '	5,035.56	', '	Acc. Combinados.	', NULL),
(1193, '	M3012A-K05	', '	2,214.78	', '	Acc. Cubetas de Hielo	', NULL),
(1194, '	M3012A-K06	', '	3,650.42	', '	Acc. PICCO	', NULL),
(1195, '	M3012A-K13	', '	3,953.42	', '	Acc. SG y PiCCO	', NULL),
(1196, '	860295-A16	', '	102,853.76	', '	USB	', NULL),
(1197, '	860295-A17	', '	113,682.37	', '	Inalambrico	', NULL),
(1198, '	860295-B01	', '	1,789.14	', '	cable banda	', NULL),
(1199, '	860295-C01	', '	11,932.39	', '	Carro	', NULL),
(1200, '	860295-D01	', '	24,600.64	', '	impresora termica	', NULL),
(1201, '	989803137011	', '	2,373.49	', '	papel Stressvue	', NULL),
(1202, '	536553-004	', '	63,724.90	', '	Banda	', NULL),
(1203, '	536553-006	', '	67,535.68	', '	banda CP	', NULL),
(1204, '	MONT-17	', '	3,500.00	', '	montitor 17	', NULL),
(1205, '	862121-L	', '	5,000.00	', '	Impresora Laser	', NULL),
(1206, '	860306-A02	', '	42,392.82	', '	Color	', NULL),
(1207, '	860306-D01	', '	8,801.40	', '	Lstas de trabajo	', NULL),
(1208, '	860306-D03	', '	5,040.97	', '	DXL	', NULL),
(1209, '	860306-D05	', '	3,390.70	', '	con Historial	', NULL),
(1210, '	860306-D06	', '	2,903.74	', '	200 estudios	', NULL),
(1211, '	860306-D07	', '	2,642.22	', '	listas de trabajo	', NULL),
(1212, '	860306-D12	', '	0.00	', '	Memoria ECG	', NULL),
(1213, '	860306-D21	', '	3,976.86	', '	Wi Fi_1	', NULL),
(1214, '	860306-D22	', '	1,427.80	', '	Wi Fi_2	', NULL),
(1215, '	860306-E01	', '	0.00	', '	Clip caiman	', NULL),
(1216, '	860306-E02	', '	0.00	', '	adap Lengüeta	', NULL),
(1217, '	860306-E03	', '	0.00	', '	latiguillo neonato	', NULL),
(1218, '	860306-E04	', '	964.91	', '	Welsh	', NULL),
(1219, '	860306-E06	', '	0.00	', '	adap Lengüeta	', NULL),
(1220, '	860306-H10	', '	2,425.80	', '	LAN	', NULL),
(1221, '	860306-H11	', '	2,939.81	', '	Modem	', NULL),
(1222, '	860306-H12	', '	5,762.39	', '	Cod. Barra	', NULL),
(1223, '	860306-H13	', '	2,858.65	', '	Lector Tarjeta	', NULL),
(1224, '	860306-H14	', '	2,858.65	', '	Lector SMART	', NULL),
(1225, '	860306-H15	', '	738.52	', '	Bat. Adic.	', NULL),
(1226, '	860306-H16	', '	0.00	', '	protector teclado	', NULL),
(1227, '	860306-H21	', '	0.00	', '	interfaz paciente	', NULL),
(1228, '	860306-H23	', '	532.05	', '	Latiguillos	', NULL),
(1229, '	860309	', '	0.00	', '	carro TC30 y TC50	', NULL),
(1230, '	860309-B01	', '	5,627.13	', '	Accesorios Carro	', NULL),
(1231, '	860309-C02	', '	966.71	', '	Accesorios Carro cesta	', NULL),
(1232, '	860310-A02	', '	53,320.63	', '	con color	', NULL),
(1233, '	860310-D01	', '	7,798.62	', '	red	', NULL),
(1234, '	860310-D02	', '	4,674.84	', '	ADT	', NULL),
(1235, '	860310-D07	', '	2,344.64	', '	manual pedidos	', NULL),
(1236, '	860310-D21	', '	3,513.35	', '	WiFi_1	', NULL),
(1237, '	860310-D22	', '	4,811.91	', '	WiFi_2	', NULL),
(1238, '	860310-E01	', '	0.00	', '	Clip Pinzas	', NULL),
(1239, '	860310-E02	', '	0.00	', '	Wide Tab	', NULL),
(1240, '	860310-E03	', '	0.00	', '	Clip Ped.	', NULL),
(1241, '	860310-E04	', '	973.93	', '	Welsh	', NULL),
(1242, '	860310-E05	', '	519.43	', '	Ligas	', NULL),
(1243, '	860310-E06	', '	0.00	', '	adap Lengüeta	', NULL),
(1244, '	860310-H11	', '	2,604.35	', '	Modem	', NULL),
(1245, '	860310-H12	', '	6,817.48	', '	Cod. Barra	', NULL),
(1246, '	860310-H13	', '	5,396.27	', '	Lector Tarjeta	', NULL),
(1247, '	860310-H14	', '	2,604.35	', '	Lector SMART	', NULL),
(1248, '	860310-H15	', '	2,488.92	', '	2da bateria	', NULL),
(1249, '	860310-H16	', '	0.00	', '	protector teclado	', NULL),
(1250, '	860310-H21	', '	0.00	', '	12 Lead	', NULL),
(1251, '	860310-H22	', '	7,798.62	', '	16 lead	', NULL),
(1252, '	860310-H23	', '	425.64	', '	latiguillos largos	', NULL),
(1253, '	860309	', '	0.00	', '	carro TC30 y TC50	', NULL),
(1254, '	860309	', '	5,627.13	', '	Accesorios Carro	', NULL),
(1255, '	860309	', '	966.71	', '	Accesorios Carro cesta	', NULL),
(1256, '	860315-A02	', '	102,810.48	', '	equipo	', NULL),
(1257, '	860315-D01	', '	0.00	', '	red	', NULL),
(1258, '	860315-D21	', '	3,195.92	', '	WiFi_1	', NULL),
(1259, '	860315-D22	', '	4,811.91	', '	WiFi_2	', NULL),
(1260, '	860315-E01	', '	0.00	', '	Clip Pinzas	', NULL),
(1261, '	860315-E02	', '	0.00	', '	Wide Tab	', NULL),
(1262, '	860315-E03	', '	0.00	', '	Clip Ped.	', NULL),
(1263, '	860315-E04	', '	1,082.14	', '	Welsh	', NULL),
(1264, '	860310-E05	', '	541.07	', '	ligas	', NULL),
(1265, '	860315-E06	', '	0.00	', '	adap Lengüeta	', NULL),
(1266, '	860315-H10	', '	0.00	', '	LAN	', NULL),
(1267, '	860315-H11	', '	2,705.35	', '	Modem	', NULL),
(1268, '	860315-H12	', '	5,951.77	', '	Cod. Barra	', NULL),
(1269, '	860315-H13	', '	5,951.77	', '	Lector Tarjeta	', NULL),
(1270, '	860315-H14	', '	2,705.35	', '	Lector SMART	', NULL),
(1271, '	860315-H16	', '	0.00	', '	protector teclado	', NULL),
(1272, '	860310-H21	', '	0.00	', '	12 Lead	', NULL),
(1273, '	860310-22	', '	11,362.47	', '	16 lead	', NULL),
(1274, '	860315-H23	', '	425.64	', '	latiguillos largos	', NULL),
(1275, '	860318	', '	0.00	', '	CarroTC70	', NULL),
(1276, '	860318-B02	', '	7,849.12	', '	Accesorios Carro	', NULL),
(1277, '	862231-S01	', '	15,431.31	', '	Transmisor ECG	', NULL),
(1278, '	862231-S02	', '	21,606.72	', '	Transmisor ECG/SPO2	', NULL),
(1279, '	862231-K09	', '	981.14	', '	Ecg Broche	', NULL),
(1280, '	862231-K10	', '	981.14	', '	Ecg Pinza	', NULL),
(1281, '	862231-K50	', '	1,810.78	', '	Sensor Spo2	', NULL),
(1282, '	989803171221	', '	23,035.14	', '	AccesPoint	', NULL),
(1283, '	453564052201	', '	1,774.71	', '	Montaje	', NULL),
(1284, '	862114	', '	14,464.60	', '	Sinc AccPoint	', NULL),
(1285, '	862152	', '	16,188.81	', '	Alim. AccPoint	', NULL),
(1286, '	865346	', '	27,940.84	', '	Control Acc.Point	', NULL),
(1287, '	862123	', '	4,761.41	', '	UPS 	', NULL),
(1288, '	865054	', '	14,017.31	', '	Suiche	', NULL),
(1289, '	M8105AT	', '	0.00	', '	MP5	', NULL),
(1290, '	M8105AT-B02	', '	32,464.19	', '	MP5 - PNI	', NULL),
(1291, '	M8105AT-B10	', '	37,874.89	', '	MP5 - PNI y SPO2	', NULL),
(1292, '	M8105AT-B11	', '	46,532.00	', '	MP5 - PNI  SPO2 y temp	', NULL),
(1293, '	M8105AT-C13	', '	4,869.63	', '	MP5 - Mapeo ST	', NULL),
(1294, '	M8105AT-E21	', '	1,233.64	', '	MP5-Montaje camilla	', NULL),
(1295, '	M8105AT-E22	', '	1,753.07	', '	MP5-Mont. Rápido	', NULL),
(1296, '	M8105AT-E24	', '	1,507.78	', '	MP5 - Bateria	', NULL),
(1297, '	M1599B	', '	461.71	', '	MP5-Cable Brazaletes	', NULL),
(1298, '	M1574A	', '	303.00	', '	MP5-Brazaletes	', NULL),
(1299, '	989803153021	', '	2,979.49	', '	MP5-Sporte 	', NULL),
(1300, '	865346-A04	', '	25,076.78	', '	4 pacientes	', NULL),
(1301, '	865346-A06	', '	529,930.98	', '	6pacientes	', NULL),
(1302, '	865346-A08	', '	80,922.40	', '	8pacientes	', NULL),
(1303, '	865346-A12	', '	136,768.02	', '	12pacientes	', NULL),
(1304, '	865346-A16	', '	192,613.63	', '	16pacientes	', NULL),
(1305, '	865346-A24	', '	304,297.66	', '	24pacientes	', NULL),
(1306, '	865346-A32	', '	415,988.89	', '	32 pacientes	', NULL),
(1307, '	865346-C01	', '	21,289.29	', '	2 pantallas	', NULL),
(1308, '	865346-C03	', '	16,008.45	', '	Alarmas	', NULL),
(1309, '	865346-C14	', '	7,647.12	', '	HL7	', NULL),
(1310, '	865346-C17	', '	29,405.34	', '	12 derivaciones	', NULL),
(1311, '	865346-C23	', '	9,154.90	', '	exp. Holter	', NULL),
(1312, '	865346-C67	', '	9,436.26	', '	alertas info.	', NULL),
(1313, '	865346-C72	', '	15,777.60	', '	exporta segmentos	', NULL),
(1314, '	865346-C73	', '	4,393.49	', '	SDN	', NULL),
(1315, '	865346-C74	', '	18,944.66	', '	Webserver	', NULL),
(1316, '	865346-C75	', '	23,215.50	', '	comp. Biomedicina	', NULL),
(1317, '	865346-C76	', '	12,300.32	', '	exportador info	', NULL),
(1318, '	865346-D48	', '	21,960.22	', '	48h	', NULL),
(1319, '	865346-D72	', '	27,435.85	', '	72h	', NULL),
(1320, '	865346-D96	', '	32,925.90	', '	96h	', NULL),
(1321, '	865346-E01	', '	11,853.04	', '	EASI	', NULL),
(1322, '	865346-H10	', '	15,633.31	', '	Computador	', NULL),
(1323, '	865346-H20	', '	3,744.20	', '	UPS Comp	', NULL),
(1324, '	865346-H30	', '	9,032.26	', '	PC remoto	', NULL),
(1325, '	865346-W01	', '	18,757.09	', '	Wi Fi	', NULL),
(1326, '	865058	', '	12,762.03	', '	Flat 19	', NULL),
(1327, '	865059	', '	16,116.67	', '	Touch 19	', NULL),
(1328, '	862121-L	', '	5,000.00	', '	Impresora Laser	', NULL),
(1329, '	865435-H10	', '	15,633.31	', '	Computador	', NULL),
(1330, '	865435-H20	', '	3,744.20	', '	UPS-Comp	', NULL),
(1331, '	865435-H30	', '	9,032.26	', '	PC remoto	', NULL),
(1332, '	865435-MP1	', '	0.00	', '	Enlace MP40	', NULL),
(1333, '	865435-MP2	', '	22,349.79	', '	Enlace MP60	', NULL),
(1334, '	865435-MP3	', '	22,349.79	', '	Enlace MP60	', NULL),
(1335, '	865054	', '	14,017.31	', '	Suiche	', NULL),
(1336, '	865058	', '	12,762.03	', '	Flat 19	', NULL),
(1337, '	865059	', '	16,116.67	', '	Touch 19	', NULL),
(1338, '	862121-L	', '	5,000.00	', '	Impresora Laser	', NULL),
(1339, '	863063-A01	', '	930.64	', '	con Acc.	', NULL),
(1340, '	863063-A02	', '	0.00	', '	Sin Acc	', NULL),
(1341, '	863063-R01	', '	4,775.84	', '	Con Registrador	', NULL),
(1342, '	989803144001	', '	2,229.21	', '	S.Rodante	', NULL),
(1343, '	989803144011	', '	2,864.06	', '	S.Pared	', NULL),
(1344, '	989803144631	', '	1,753.07	', '	Baterias	', NULL),
(1345, '	989803144001	', '	2,229.21	', '	soporte rodante VM	', NULL),
(1346, '	989803144011	', '	2,864.06	', '	Sporte Pared VM	', NULL),
(1347, '	989803144631	', '	1,753.07	', '	Bateria VM	', NULL),
(1348, '	863064-A01	', '	930.64	', '	con Acc.	', NULL),
(1349, '	863064-A02	', '	0.00	', '	sin acc	', NULL),
(1350, '	863064-R01	', '	4,775.84	', '	registrador	', NULL),
(1351, '	989803144001	', '	2,229.21	', '	S.Rodante	', NULL),
(1352, '	989803144011	', '	2,864.06	', '	S.Pared	', NULL),
(1353, '	989803144631	', '	1,753.07	', '	Baterias	', NULL),
(1354, '	863065-A01	', '	930.64	', '	con Acc.	', NULL),
(1355, '	863065-A02	', '	0.00	', '	Sin Acc	', NULL),
(1356, '	863065-R01	', '	930.64	', '	registrador	', NULL),
(1357, '	989803144001	', '	2,229.21	', '	S.Rodante	', NULL),
(1358, '	989803144011	', '	2,864.06	', '	S.Pared	', NULL),
(1359, '	989803144631	', '	1,753.07	', '	Baterias	', NULL),
(1360, '	863066-A01	', '	930.64	', '	con Acc.	', NULL),
(1361, '	863066-A02	', '	0.00	', '	Sin Acc	', NULL),
(1362, '	989803144001	', '	2,229.21	', '	soporte rodante VM	', NULL),
(1363, '	989803144011	', '	2,864.06	', '	Sporte Pared VM	', NULL),
(1364, '	989803144631	', '	1,753.07	', '	Bateria VM	', NULL),
(1365, '	863068-A01	', '	930.64	', '	con Acc.	', NULL),
(1366, '	863068-A02	', '	0.00	', '	Sin Acc	', NULL),
(1367, '	863068-R01	', '	4,775.84	', '	registrador	', NULL),
(1368, '	989803144001	', '	2,229.21	', '	S.Rodante	', NULL),
(1369, '	989803144011	', '	2,864.06	', '	S.Pared	', NULL),
(1370, '	989803144631	', '	1,753.07	', '	Baterias	', NULL),
(1371, '	863069-A01	', '	295.78	', '	con Acc.	', NULL),
(1372, '	863069-A02	', '	0.00	', '	Sin Acc	', NULL),
(1373, '	989803144001	', '	2,229.21	', '	S.Rodante	', NULL),
(1374, '	989803144011	', '	2,864.06	', '	S.Pared	', NULL),
(1375, '	989803144631	', '	1,753.07	', '	Baterias	', NULL),
(1376, '	863071-A01	', '	606.00	', '	con Acc.	', NULL),
(1377, '	863071-A02	', '	0.00	', '	Sin Acc	', NULL),
(1378, '	989803144001	', '	2,229.21	', '	S.Rodante	', NULL),
(1379, '	989803144011	', '	2,864.06	', '	S.Pared	', NULL),
(1380, '	989803144631	', '	1,753.07	', '	Baterias	', NULL),
(1381, '	863072-A01	', '	606.00	', '	con Acc.	', NULL),
(1382, '	863072-A02	', '	0.00	', '	Sin Acc	', NULL),
(1383, '	989803144001	', '	2,229.21	', '	S.Rodante	', NULL),
(1384, '	989803144011	', '	2,864.06	', '	S.Pared	', NULL),
(1385, '	989803144631	', '	1,753.07	', '	Baterias	', NULL),
(1386, 'Prueba', '0.00', 'Prueba 2', 'Prueba 3');

-- --------------------------------------------------------

--
-- Estructura de tabla para la tabla `aequipo`
--

CREATE TABLE IF NOT EXISTS `aequipo` (
  `Id_AEquipo` int(10) NOT NULL AUTO_INCREMENT,
  `Id_Equipo` int(10) DEFAULT NULL,
  `Id_Accesorio` int(10) DEFAULT NULL,
  PRIMARY KEY (`Id_AEquipo`),
  KEY `AEquipo_fk` (`Id_Equipo`),
  KEY `AEquipo_fk2` (`Id_Accesorio`)
) ENGINE=InnoDB  DEFAULT CHARSET=latin1 AUTO_INCREMENT=1387 ;

--
-- Volcado de datos para la tabla `aequipo`
--

INSERT INTO `aequipo` (`Id_AEquipo`, `Id_Equipo`, `Id_Accesorio`) VALUES
(16, 35, 16),
(17, 35, 17),
(18, 35, 18),
(19, 35, 19),
(20, 35, 20),
(21, 35, 21),
(22, 35, 22),
(23, 35, 23),
(24, 35, 24),
(25, 35, 25),
(26, 35, 26),
(27, 34, 27),
(28, 34, 28),
(29, 34, 29),
(30, 34, 30),
(31, 34, 31),
(32, 34, 32),
(33, 34, 33),
(34, 34, 34),
(35, 34, 35),
(36, 34, 36),
(37, 34, 37),
(38, 33, 38),
(39, 33, 39),
(40, 33, 40),
(41, 33, 41),
(42, 33, 42),
(43, 33, 43),
(44, 33, 44),
(45, 33, 45),
(46, 33, 46),
(47, 33, 47),
(48, 33, 48),
(49, 32, 49),
(50, 32, 50),
(51, 32, 51),
(52, 32, 52),
(53, 32, 53),
(54, 32, 54),
(55, 32, 55),
(56, 32, 56),
(57, 32, 57),
(58, 32, 58),
(59, 32, 59),
(60, 32, 60),
(61, 35, 61),
(62, 35, 62),
(63, 35, 63),
(64, NULL, 64),
(65, 35, 65),
(66, 35, 66),
(67, 35, 67),
(68, 35, 68),
(69, 35, 69),
(70, 35, 70),
(71, 35, 71),
(72, 35, 72),
(73, 35, 73),
(74, 35, 74),
(75, 35, 75),
(76, 35, 76),
(77, 35, 77),
(78, 35, 78),
(79, 35, 79),
(80, 35, 80),
(81, 35, 81),
(82, 35, 82),
(83, 35, 83),
(84, 35, 84),
(85, 35, 85),
(86, 35, 86),
(87, 35, 87),
(88, 35, 88),
(89, 35, 89),
(90, 35, 90),
(91, 35, 91),
(92, 35, 92),
(93, 35, 93),
(94, 35, 94),
(95, 35, 95),
(96, 35, 96),
(97, 35, 97),
(98, 35, 98),
(99, 35, 99),
(100, 35, 100),
(101, 35, 101),
(102, 35, 102),
(103, 35, 103),
(104, 35, 104),
(105, 35, 105),
(106, 35, 106),
(107, 35, 107),
(108, 35, 108),
(109, 35, 109),
(110, 35, 110),
(111, 35, 111),
(112, 35, 112),
(113, 35, 113),
(114, 35, 114),
(115, 35, 115),
(116, 35, 116),
(117, 35, 117),
(118, 35, 118),
(119, 35, 119),
(120, 35, 120),
(121, 29, 121),
(122, 35, 122),
(123, 35, 123),
(124, 35, 124),
(125, 35, 125),
(126, 35, 126),
(127, 35, 127),
(128, 35, 128),
(129, 35, 129),
(130, 35, 130),
(131, 35, 131),
(132, 35, 132),
(133, 35, 133),
(134, 35, 134),
(135, 35, 135),
(136, 35, 136),
(137, 35, 137),
(138, 35, 138),
(139, 35, 139),
(140, 35, 140),
(141, 34, 141),
(142, 34, 142),
(143, 34, 143),
(144, 34, 144),
(145, 34, 145),
(146, 34, 146),
(147, 34, 147),
(148, 34, 148),
(149, 34, 149),
(150, 43, 150),
(151, 43, 151),
(152, 43, 152),
(153, 43, 153),
(154, 43, 154),
(155, 43, 155),
(156, 43, 156),
(157, 43, 157),
(158, 43, 158),
(159, 43, 159),
(160, 43, 160),
(161, 43, 161),
(162, 45, 162),
(163, 45, 163),
(164, 45, 164),
(165, 45, 165),
(166, 45, 166),
(167, 45, 167),
(168, 45, 168),
(169, 46, 169),
(170, 46, 170),
(171, 46, 171),
(172, 46, 172),
(173, 46, 173),
(174, 46, 174),
(175, 46, 175),
(176, 46, 176),
(177, 46, 177),
(178, 46, 178),
(179, 46, 179),
(180, 46, 180),
(181, 46, 181),
(182, 46, 182),
(183, 46, 183),
(184, 46, 184),
(185, 46, 185),
(186, 46, 186),
(187, 46, 187),
(188, 46, 188),
(189, 46, 189),
(190, 46, 190),
(191, 46, 191),
(192, 46, 192),
(193, 46, 193),
(194, 46, 194),
(195, 46, 195),
(196, 46, 196),
(197, 46, 197),
(198, 46, 198),
(199, 46, 199),
(200, 46, 200),
(201, 46, 201),
(202, 46, 202),
(203, 46, 203),
(204, 46, 204),
(205, 46, 205),
(206, 46, 206),
(207, 46, 207),
(208, 46, 208),
(209, 46, 209),
(210, 46, 210),
(211, 46, 211),
(212, 46, 212),
(213, 46, 213),
(214, 46, 214),
(215, 46, 215),
(216, 46, 216),
(217, 46, 217),
(218, 46, 218),
(219, 46, 219),
(220, 46, 220),
(221, 46, 221),
(222, 46, 222),
(223, 46, 223),
(224, 46, 224),
(225, 46, 225),
(226, 46, 226),
(227, 46, 227),
(228, 46, 228),
(229, 46, 229),
(230, 46, 230),
(231, 46, 231),
(232, 46, 232),
(233, 46, 233),
(234, 46, 234),
(235, 46, 235),
(236, 46, 236),
(237, 46, 237),
(238, 46, 238),
(239, 46, 239),
(240, 46, 240),
(241, 46, 241),
(242, 48, 242),
(243, 48, 243),
(244, 48, 244),
(245, 48, 245),
(246, 48, 246),
(247, 48, 247),
(248, 48, 248),
(249, 48, 249),
(250, 48, 250),
(251, 48, 251),
(252, 48, 252),
(253, 48, 253),
(254, 48, 254),
(255, 48, 255),
(256, 48, 256),
(257, 48, 257),
(258, 48, 258),
(259, 48, 259),
(260, 48, 260),
(261, 48, 261),
(262, 48, 262),
(263, 48, 263),
(264, 48, 264),
(265, 48, 265),
(266, 48, 266),
(267, 48, 267),
(268, 49, 268),
(269, 49, 269),
(270, 49, 270),
(271, 49, 271),
(272, 49, 272),
(273, 49, 273),
(274, 49, 274),
(275, 49, 275),
(276, 49, 276),
(277, 49, 277),
(278, 49, 278),
(279, 49, 279),
(280, 49, 280),
(281, 49, 281),
(282, 49, 282),
(283, 49, 283),
(284, 49, 284),
(285, 49, 285),
(286, 49, 286),
(287, 49, 287),
(288, 49, 288),
(289, 49, 289),
(290, 49, 290),
(291, 49, 291),
(292, 49, 292),
(293, 49, 293),
(295, 50, 295),
(296, 50, 296),
(297, 50, 297),
(298, 50, 298),
(299, 50, 299),
(300, 50, 300),
(301, 50, 301),
(302, 50, 302),
(303, 50, 303),
(304, 50, 304),
(305, 50, 305),
(306, 50, 306),
(307, 50, 307),
(308, 50, 308),
(309, 50, 309),
(310, 50, 310),
(311, 50, 311),
(312, 50, 312),
(313, 50, 313),
(314, 50, 314),
(315, 50, 315),
(316, 50, 316),
(317, 50, 317),
(318, 50, 318),
(319, 50, 319),
(320, 50, 320),
(321, 50, 321),
(322, 53, 322),
(323, 53, 323),
(324, 53, 324),
(325, 53, 325),
(326, 53, 326),
(327, 53, 327),
(328, 53, 328),
(329, 53, 329),
(330, 53, 330),
(331, 53, 331),
(332, 53, 332),
(333, 53, 333),
(334, 53, 334),
(335, 53, 335),
(336, 53, 336),
(337, 53, 337),
(338, 53, 338),
(339, 53, 339),
(340, 53, 340),
(341, 53, 341),
(342, 53, 342),
(343, 53, 343),
(344, 53, 344),
(345, 51, 345),
(346, 51, 346),
(347, 51, 347),
(348, 51, 348),
(349, 51, 349),
(350, 51, 350),
(351, 51, 351),
(352, 51, 352),
(353, 51, 353),
(354, 51, 354),
(355, 51, 355),
(356, 44, 356),
(357, 44, 357),
(358, 44, 358),
(359, 44, 359),
(360, 44, 360),
(361, 44, 361),
(362, 44, 362),
(363, 44, 363),
(364, 44, 364),
(365, 44, 365),
(366, 44, 366),
(367, 44, 367),
(368, 44, 368),
(369, 44, 369),
(370, 44, 370),
(371, 44, 371),
(372, 44, 372),
(373, 44, 373),
(374, 44, 374),
(375, 44, 375),
(376, 44, 376),
(377, 44, 377),
(378, 44, 378),
(379, 44, 379),
(380, 44, 380),
(381, 44, 381),
(382, 44, 382),
(383, 44, 383),
(384, 44, 384),
(385, 44, 385),
(386, 44, 386),
(387, 44, 387),
(388, 52, 388),
(389, 52, 389),
(390, 52, 390),
(391, 52, 391),
(392, 52, 392),
(393, 52, 393),
(394, 52, 394),
(395, 52, 395),
(396, 52, 396),
(397, 52, 397),
(398, 52, 398),
(399, 52, 399),
(400, 52, 400),
(401, 52, 401),
(402, 52, 402),
(403, 52, 403),
(404, 52, 404),
(405, 52, 405),
(406, 52, 406),
(407, 52, 407),
(408, 52, 408),
(409, 52, 409),
(410, 52, 410),
(411, 52, 411),
(412, 52, 412),
(413, 52, 413),
(414, 52, 414),
(415, 52, 415),
(416, 52, 416),
(417, 52, 417),
(418, 52, 418),
(419, 52, 419),
(420, 52, 420),
(421, 52, 421),
(422, 52, 422),
(423, 52, 423),
(424, 52, 424),
(425, 52, 425),
(426, 52, 426),
(427, 52, 427),
(428, 52, 428),
(429, 52, 429),
(430, 52, 430),
(431, 52, 431),
(432, 52, 432),
(433, 52, 433),
(434, 52, 434),
(435, 52, 435),
(436, 52, 436),
(437, 52, 437),
(438, 52, 438),
(439, 52, 439),
(440, 52, 440),
(441, 52, 441),
(442, 52, 442),
(443, 52, 443),
(444, 52, 444),
(445, 52, 445),
(446, 52, 446),
(447, 52, 447),
(448, 52, 448),
(449, 52, 449),
(450, 52, 450),
(451, 52, 451),
(452, 52, 452),
(453, 52, 453),
(454, 52, 454),
(455, 52, 455),
(456, 52, 456),
(457, 52, 457),
(458, 52, 458),
(459, 52, 459),
(460, 52, 460),
(461, 52, 461),
(462, 52, 462),
(463, 52, 463),
(464, 52, 464),
(465, 52, 465),
(466, 52, 466),
(467, 52, 467),
(468, 52, 468),
(469, 52, 469),
(470, 52, 470),
(471, 52, 471),
(472, 52, 472),
(473, 52, 473),
(474, 52, 474),
(475, 52, 475),
(476, 52, 476),
(477, 54, 477),
(478, 54, 478),
(479, 54, 479),
(480, 54, 480),
(481, 54, 481),
(482, 54, 482),
(483, 54, 483),
(484, 54, 484),
(485, 54, 485),
(486, 54, 486),
(487, 54, 487),
(488, 54, 488),
(489, 54, 489),
(490, 9, 490),
(491, 9, 491),
(492, 9, 492),
(493, 9, 493),
(494, 9, 494),
(495, 9, 495),
(496, 9, 496),
(497, 9, 497),
(498, 9, 498),
(499, 9, 499),
(500, 9, 500),
(501, 9, 501),
(502, 9, 502),
(503, 9, 503),
(504, 9, 504),
(505, 9, 505),
(506, 9, 506),
(507, 9, 507),
(508, 9, 508),
(509, 9, 509),
(510, 9, 510),
(511, 9, 511),
(512, 9, 512),
(513, 9, 513),
(514, 9, 514),
(515, 9, 515),
(516, 9, 516),
(517, 9, 517),
(518, 9, 518),
(519, 10, 519),
(520, 10, 520),
(521, 10, 521),
(522, 10, 522),
(523, 10, 523),
(524, 10, 524),
(525, 10, 525),
(526, 10, 526),
(527, 10, 527),
(528, 10, 528),
(529, 42, 529),
(530, 42, 530),
(531, 42, 531),
(532, 42, 532),
(533, 42, 533),
(534, 42, 534),
(535, 42, 535),
(536, 42, 536),
(537, 42, 537),
(538, 42, 538),
(539, 42, 539),
(540, 42, 540),
(541, 42, 541),
(542, 42, 542),
(543, 42, 543),
(544, 42, 544),
(545, 42, 545),
(546, 42, 546),
(547, 42, 547),
(548, 42, 548),
(549, 42, 549),
(550, 42, 550),
(551, 42, 551),
(552, 41, 552),
(553, 41, 553),
(554, 41, 554),
(555, 41, 555),
(556, 41, 556),
(557, 41, 557),
(558, 41, 558),
(559, 41, 559),
(560, 41, 560),
(561, 41, 561),
(562, 41, 562),
(563, 41, 563),
(564, 41, 564),
(565, 41, 565),
(566, 41, 566),
(567, 41, 567),
(568, 41, 568),
(569, 41, 569),
(570, 41, 570),
(571, 41, 571),
(572, 41, 572),
(573, 41, 573),
(574, 41, 574),
(575, 41, 575),
(576, 40, 576),
(577, 40, 577),
(578, 40, 578),
(579, 40, 579),
(580, 40, 580),
(581, 5, 581),
(582, 5, 582),
(583, 5, 583),
(584, 5, 584),
(585, 5, 585),
(586, 5, 586),
(587, 5, 587),
(588, 5, 588),
(589, 5, 589),
(590, 5, 590),
(591, 5, 591),
(592, 5, 592),
(593, 5, 593),
(594, 5, 594),
(595, 5, 595),
(596, 5, 596),
(597, 5, 597),
(598, 5, 598),
(599, 5, 599),
(600, 39, 600),
(601, 38, 601),
(602, 36, 602),
(603, 36, 603),
(604, 36, 604),
(605, 36, 605),
(606, 36, 606),
(607, 33, 607),
(608, 33, 608),
(609, 33, 609),
(610, 33, 610),
(611, 33, 611),
(612, 33, 612),
(613, 33, 613),
(614, 33, 614),
(615, 33, 615),
(616, 33, 616),
(617, 33, 617),
(618, 33, 618),
(619, 33, 619),
(620, 33, 620),
(621, 33, 621),
(622, 33, 622),
(623, 33, 623),
(624, 33, 624),
(625, 33, 625),
(626, 33, 626),
(627, 33, 627),
(628, 33, 628),
(629, 33, 629),
(630, 33, 630),
(631, 33, 631),
(632, 33, 632),
(633, 33, 633),
(634, 33, 634),
(635, 33, 635),
(636, 33, 636),
(637, 33, 637),
(638, 33, 638),
(639, 33, 639),
(640, 33, 640),
(641, 33, 641),
(642, 33, 642),
(643, 33, 643),
(644, 33, 644),
(645, 33, 645),
(646, 33, 646),
(647, 33, 647),
(648, 33, 648),
(649, 33, 649),
(650, 33, 650),
(651, 33, 651),
(652, 33, 652),
(653, 33, 653),
(654, 33, 654),
(655, 33, 655),
(656, 33, 656),
(657, 33, 657),
(658, 33, 658),
(659, 33, 659),
(660, 33, 660),
(661, 33, 661),
(662, 33, 662),
(663, 33, 663),
(664, 33, 664),
(665, 33, 665),
(666, 33, 666),
(667, 33, 667),
(668, 33, 668),
(669, 33, 669),
(670, 33, 670),
(671, 33, 671),
(672, 33, 672),
(673, 33, 673),
(674, 33, 674),
(675, 33, 675),
(676, 33, 676),
(677, 33, 677),
(678, 33, 678),
(679, 33, 679),
(680, 33, 680),
(681, 33, 681),
(682, 33, 682),
(683, 33, 683),
(684, 33, 684),
(685, 33, 685),
(686, 33, 686),
(687, 33, 687),
(688, 33, 688),
(689, 33, 689),
(690, 33, 690),
(691, 33, 691),
(692, 33, 692),
(693, 33, 693),
(694, 32, 694),
(695, 32, 695),
(696, 32, 696),
(697, 32, 697),
(698, 32, 698),
(699, 32, 699),
(700, 32, 700),
(701, 32, 701),
(702, 32, 702),
(703, 32, 703),
(704, 32, 704),
(705, 32, 705),
(706, 32, 706),
(707, 32, 707),
(708, 32, 708),
(709, 32, 709),
(710, 32, 710),
(711, 32, 711),
(712, 32, 712),
(713, 32, 713),
(714, 32, 714),
(715, 32, 715),
(716, 32, 716),
(717, 32, 717),
(718, 32, 718),
(719, 32, 719),
(720, 32, 720),
(721, 32, 721),
(722, 32, 722),
(723, 32, 723),
(724, 32, 724),
(725, 32, 725),
(726, 32, 726),
(727, 32, 727),
(728, 32, 728),
(729, 32, 729),
(730, 32, 730),
(731, 32, 731),
(732, 32, 732),
(733, 32, 733),
(734, 32, 734),
(735, 32, 735),
(736, 32, 736),
(737, 32, 737),
(738, 32, 738),
(739, 32, 739),
(740, 32, 740),
(741, 32, 741),
(742, 32, 742),
(743, 32, 743),
(744, 32, 744),
(745, 32, 745),
(746, 32, 746),
(747, 32, 747),
(748, 32, 748),
(749, 32, 749),
(750, 32, 750),
(751, 32, 751),
(752, 32, 752),
(753, 32, 753),
(754, 32, 754),
(755, 32, 755),
(756, 32, 756),
(757, 32, 757),
(758, 32, 758),
(759, 32, 759),
(760, 32, 760),
(761, 32, 761),
(762, 32, 762),
(763, 32, 763),
(764, 31, 764),
(765, 31, 765),
(766, 31, 766),
(767, 31, 767),
(768, 31, 768),
(769, 31, 769),
(770, 31, 770),
(771, 31, 771),
(772, 31, 772),
(773, 31, 773),
(774, 31, 774),
(775, 31, 775),
(776, 31, 776),
(777, 31, 777),
(778, 31, 778),
(779, 31, 779),
(780, 31, 780),
(781, 31, 781),
(782, 31, 782),
(783, 31, 783),
(784, 31, 784),
(785, 31, 785),
(786, 31, 786),
(787, 31, 787),
(788, 31, 788),
(789, 31, 789),
(790, 31, 790),
(791, 31, 791),
(792, 31, 792),
(793, 31, 793),
(794, 31, 794),
(795, 31, 795),
(796, 31, 796),
(797, 31, 797),
(798, 31, 798),
(799, 31, 799),
(800, 31, 800),
(801, 31, 801),
(802, 31, 802),
(803, 31, 803),
(804, 31, 804),
(805, 31, 805),
(806, 31, 806),
(807, 31, 807),
(808, 31, 808),
(809, 31, 809),
(810, 31, 810),
(811, 31, 811),
(812, 31, 812),
(813, 31, 813),
(814, 31, 814),
(815, 31, 815),
(816, 31, 816),
(817, 31, 817),
(818, 31, 818),
(819, 31, 819),
(820, 31, 820),
(821, 31, 821),
(822, 31, 822),
(823, 31, 823),
(824, 31, 824),
(825, 31, 825),
(826, 31, 826),
(827, 31, 827),
(828, 31, 828),
(829, 31, 829),
(830, 31, 830),
(831, 31, 831),
(832, 31, 832),
(833, 31, 833),
(834, 31, 834),
(835, 31, 835),
(836, 31, 836),
(837, 31, 837),
(838, 31, 838),
(839, 31, 839),
(840, 31, 840),
(841, 31, 841),
(842, 31, 842),
(843, 31, 843),
(844, 31, 844),
(845, 31, 845),
(846, 31, 846),
(847, 31, 847),
(848, 31, 848),
(849, 31, 849),
(850, 31, 850),
(851, 31, 851),
(852, 31, 852),
(853, 31, 853),
(854, 31, 854),
(855, 31, 855),
(856, 31, 856),
(857, 31, 857),
(858, 31, 858),
(859, 31, 859),
(860, 31, 860),
(861, 31, 861),
(862, 31, 862),
(863, 31, 863),
(864, 31, 864),
(865, 31, 865),
(866, 31, 866),
(867, 31, 867),
(868, 31, 868),
(869, 31, 869),
(870, 31, 870),
(871, 31, 871),
(872, 31, 872),
(873, 31, 873),
(874, 31, 874),
(875, 31, 875),
(876, 31, 876),
(877, 30, 877),
(878, 30, 878),
(879, 30, 879),
(880, 30, 880),
(881, 30, 881),
(882, 30, 882),
(883, 30, 883),
(884, 30, 884),
(885, 30, 885),
(886, 30, 886),
(887, 30, 887),
(888, 30, 888),
(889, 30, 889),
(890, 30, 890),
(891, 30, 891),
(892, 30, 892),
(893, 30, 893),
(894, 30, 894),
(895, 30, 895),
(896, 30, 896),
(897, 30, 897),
(898, 30, 898),
(899, 30, 899),
(900, 30, 900),
(901, 30, 901),
(902, 30, 902),
(903, 30, 903),
(904, 30, 904),
(905, 30, 905),
(906, 30, 906),
(907, 30, 907),
(908, 30, 908),
(909, 30, 909),
(910, 30, 910),
(911, 30, 911),
(912, 30, 912),
(913, 30, 913),
(914, 30, 914),
(915, 30, 915),
(916, 30, 916),
(917, 30, 917),
(918, 30, 918),
(919, 30, 919),
(920, 30, 920),
(921, 30, 921),
(922, 30, 922),
(923, 30, 923),
(924, 30, 924),
(925, 30, 925),
(926, 30, 926),
(927, 30, 927),
(928, 30, 928),
(929, 30, 929),
(930, 30, 930),
(931, 30, 931),
(932, 30, 932),
(933, 30, 933),
(934, 30, 934),
(935, 30, 935),
(936, 30, 936),
(937, 30, 937),
(938, 30, 938),
(939, 30, 939),
(940, 30, 940),
(941, 30, 941),
(942, 30, 942),
(943, 30, 943),
(944, 30, 944),
(945, 30, 945),
(946, 30, 946),
(947, 30, 947),
(948, 30, 948),
(949, 30, 949),
(950, 30, 950),
(951, 30, 951),
(952, 30, 952),
(953, 30, 953),
(954, 30, 954),
(955, 30, 955),
(956, 30, 956),
(957, 30, 957),
(958, 30, 958),
(959, 30, 959),
(960, 30, 960),
(961, 30, 961),
(962, 30, 962),
(963, 30, 963),
(964, 30, 964),
(965, 30, 965),
(966, 30, 966),
(967, 30, 967),
(968, 30, 968),
(969, 30, 969),
(970, 30, 970),
(971, 30, 971),
(972, 30, 972),
(973, 30, 973),
(974, 30, 974),
(975, 30, 975),
(976, 30, 976),
(977, 30, 977),
(978, 30, 978),
(979, 30, 979),
(980, 30, 980),
(981, 30, 981),
(982, 30, 982),
(983, 30, 983),
(984, 30, 984),
(985, 30, 985),
(986, 30, 986),
(987, 30, 987),
(988, 30, 988),
(989, 30, 989),
(990, 34, 990),
(991, 34, 991),
(992, 34, 992),
(993, 34, 993),
(994, 34, 994),
(995, 34, 995),
(996, 34, 996),
(997, 34, 997),
(998, 34, 998),
(999, 34, 999),
(1000, 34, 1000),
(1001, 34, 1001),
(1002, 34, 1002),
(1003, 34, 1003),
(1004, 34, 1004),
(1005, 34, 1005),
(1006, 34, 1006),
(1007, 34, 1007),
(1008, 34, 1008),
(1009, 34, 1009),
(1010, 34, 1010),
(1011, 34, 1011),
(1012, 34, 1012),
(1013, 34, 1013),
(1014, 34, 1014),
(1015, 34, 1015),
(1016, 34, 1016),
(1017, 34, 1017),
(1018, 34, 1018),
(1019, 34, 1019),
(1020, 34, 1020),
(1021, 34, 1021),
(1022, 34, 1022),
(1023, 34, 1023),
(1024, 34, 1024),
(1025, 34, 1025),
(1026, 34, 1026),
(1027, 34, 1027),
(1028, 34, 1028),
(1029, 34, 1029),
(1030, 34, 1030),
(1031, 34, 1031),
(1032, 34, 1032),
(1033, 34, 1033),
(1034, 34, 1034),
(1035, 34, 1035),
(1036, 34, 1036),
(1037, 34, 1037),
(1038, 34, 1038),
(1039, 34, 1039),
(1040, 34, 1040),
(1041, 34, 1041),
(1042, 34, 1042),
(1043, 34, 1043),
(1044, 34, 1044),
(1045, 34, 1045),
(1046, 34, 1046),
(1047, 34, 1047),
(1048, 34, 1048),
(1049, 34, 1049),
(1050, 34, 1050),
(1051, 34, 1051),
(1052, 34, 1052),
(1053, 34, 1053),
(1054, 34, 1054),
(1055, 34, 1055),
(1056, 34, 1056),
(1057, 34, 1057),
(1058, 29, 1058),
(1059, 29, 1059),
(1060, 29, 1060),
(1061, 29, 1061),
(1062, 29, 1062),
(1063, 29, 1063),
(1064, 29, 1064),
(1065, 29, 1065),
(1066, 29, 1066),
(1067, 29, 1067),
(1068, 29, 1068),
(1069, 29, 1069),
(1070, 29, 1070),
(1071, 29, 1071),
(1072, 29, 1072),
(1073, 29, 1073),
(1074, 29, 1074),
(1075, 29, 1075),
(1076, 29, 1076),
(1077, 29, 1077),
(1078, 29, 1078),
(1079, 29, 1079),
(1080, 29, 1080),
(1081, 29, 1081),
(1082, 29, 1082),
(1083, 29, 1083),
(1084, 29, 1084),
(1085, 29, 1085),
(1086, 29, 1086),
(1087, 29, 1087),
(1088, 29, 1088),
(1089, 29, 1089),
(1090, 29, 1090),
(1091, 29, 1091),
(1092, 29, 1092),
(1093, 29, 1093),
(1094, 29, 1094),
(1095, 29, 1095),
(1096, 29, 1096),
(1097, 29, 1097),
(1098, 29, 1098),
(1099, 29, 1099),
(1100, 29, 1100),
(1101, 29, 1101),
(1102, 29, 1102),
(1103, 29, 1103),
(1104, 29, 1104),
(1105, 29, 1105),
(1106, 29, 1106),
(1107, 29, 1107),
(1108, 29, 1108),
(1109, 29, 1109),
(1110, 29, 1110),
(1111, 29, 1111),
(1112, 29, 1112),
(1113, 29, 1113),
(1114, 29, 1114),
(1115, 29, 1115),
(1116, 29, 1116),
(1117, 29, 1117),
(1118, 29, 1118),
(1119, 29, 1119),
(1120, 29, 1120),
(1121, 29, 1121),
(1122, 29, 1122),
(1123, 29, 1123),
(1124, 29, 1124),
(1125, 29, 1125),
(1126, 29, 1126),
(1127, 29, 1127),
(1128, 29, 1128),
(1129, 29, 1129),
(1130, 29, 1130),
(1131, 29, 1131),
(1132, 29, 1132),
(1133, 29, 1133),
(1134, 29, 1134),
(1135, 29, 1135),
(1136, 29, 1136),
(1137, 29, 1137),
(1138, 29, 1138),
(1139, 29, 1139),
(1140, 29, 1140),
(1141, 29, 1141),
(1142, 29, 1142),
(1143, 29, 1143),
(1144, 29, 1144),
(1145, 29, 1145),
(1146, 29, 1146),
(1147, 29, 1147),
(1148, 29, 1148),
(1149, 29, 1149),
(1150, 29, 1150),
(1151, 29, 1151),
(1152, 29, 1152),
(1153, 29, 1153),
(1154, 29, 1154),
(1155, 29, 1155),
(1156, 29, 1156),
(1157, 29, 1157),
(1158, 29, 1158),
(1159, 29, 1159),
(1160, 29, 1160),
(1161, 29, 1161),
(1162, 29, 1162),
(1163, 29, 1163),
(1164, 28, 1164),
(1165, 28, 1165),
(1166, 28, 1166),
(1167, 28, 1167),
(1168, 28, 1168),
(1169, 28, 1169),
(1170, 27, 1170),
(1171, 27, 1171),
(1172, 26, 1172),
(1173, 26, 1173),
(1174, 26, 1174),
(1175, 26, 1175),
(1176, 26, 1176),
(1177, 26, 1177),
(1178, 26, 1178),
(1179, 26, 1179),
(1180, 26, 1180),
(1181, 26, 1181),
(1182, 26, 1182),
(1183, 26, 1183),
(1184, 26, 1184),
(1185, 26, 1185),
(1186, 26, 1186),
(1187, 26, 1187),
(1188, 25, 1188),
(1189, 25, 1189),
(1190, 25, 1190),
(1191, 25, 1191),
(1192, 25, 1192),
(1193, 25, 1193),
(1194, 25, 1194),
(1195, 25, 1195),
(1196, 4, 1196),
(1197, 4, 1197),
(1198, 4, 1198),
(1199, 4, 1199),
(1200, 4, 1200),
(1201, 4, 1201),
(1202, 4, 1202),
(1203, 4, 1203),
(1204, 4, 1204),
(1205, 4, 1205),
(1206, 6, 1206),
(1207, 6, 1207),
(1208, 6, 1208),
(1209, 6, 1209),
(1210, 6, 1210),
(1211, 6, 1211),
(1212, 6, 1212),
(1213, 6, 1213),
(1214, 6, 1214),
(1215, 6, 1215),
(1216, 6, 1216),
(1217, 6, 1217),
(1218, 6, 1218),
(1219, 6, 1219),
(1220, 6, 1220),
(1221, 6, 1221),
(1222, 6, 1222),
(1223, 6, 1223),
(1224, 6, 1224),
(1225, 6, 1225),
(1226, 6, 1226),
(1227, 6, 1227),
(1228, 6, 1228),
(1229, 6, 1229),
(1230, 6, 1230),
(1231, 6, 1231),
(1232, 7, 1232),
(1233, 7, 1233),
(1234, 7, 1234),
(1235, 7, 1235),
(1236, 7, 1236),
(1237, 7, 1237),
(1238, 7, 1238),
(1239, 7, 1239),
(1240, 7, 1240),
(1241, 7, 1241),
(1242, 7, 1242),
(1243, 7, 1243),
(1244, 7, 1244),
(1245, 7, 1245),
(1246, 7, 1246),
(1247, 7, 1247),
(1248, 7, 1248),
(1249, 7, 1249),
(1250, 7, 1250),
(1251, 7, 1251),
(1252, 7, 1252),
(1253, 7, 1253),
(1254, 7, 1254),
(1255, 7, 1255),
(1256, 8, 1256),
(1257, 8, 1257),
(1258, 8, 1258),
(1259, 8, 1259),
(1260, 8, 1260),
(1261, 8, 1261),
(1262, 8, 1262),
(1263, 8, 1263),
(1264, 8, 1264),
(1265, 8, 1265),
(1266, 8, 1266),
(1267, 8, 1267),
(1268, 8, 1268),
(1269, 8, 1269),
(1270, 8, 1270),
(1271, 8, 1271),
(1272, 8, 1272),
(1273, 8, 1273),
(1274, 8, 1274),
(1275, 8, 1275),
(1276, 8, 1276),
(1277, 11, 1277),
(1278, 11, 1278),
(1279, 11, 1279),
(1280, 11, 1280),
(1281, 11, 1281),
(1282, 11, 1282),
(1283, 11, 1283),
(1284, 11, 1284),
(1285, 11, 1285),
(1286, 11, 1286),
(1287, 11, 1287),
(1288, 11, 1288),
(1289, 11, 1289),
(1290, 11, 1290),
(1291, 11, 1291),
(1292, 11, 1292),
(1293, 11, 1293),
(1294, 11, 1294),
(1295, 11, 1295),
(1296, 11, 1296),
(1297, 11, 1297),
(1298, 11, 1298),
(1299, 11, 1299),
(1300, 11, 1300),
(1301, 11, 1301),
(1302, 11, 1302),
(1303, 11, 1303),
(1304, 11, 1304),
(1305, 11, 1305),
(1306, 11, 1306),
(1307, 11, 1307),
(1308, 11, 1308),
(1309, 11, 1309),
(1310, 11, 1310),
(1311, 11, 1311),
(1312, 11, 1312),
(1313, 11, 1313),
(1314, 11, 1314),
(1315, 11, 1315),
(1316, 11, 1316),
(1317, 11, 1317),
(1318, 11, 1318),
(1319, 11, 1319),
(1320, 11, 1320),
(1321, 11, 1321),
(1322, 11, 1322),
(1323, 11, 1323),
(1324, 11, 1324),
(1325, 11, 1325),
(1326, 11, 1326),
(1327, 11, 1327),
(1328, 11, 1328),
(1329, 11, 1329),
(1330, 11, 1330),
(1331, 11, 1331),
(1332, 11, 1332),
(1333, 11, 1333),
(1334, 11, 1334),
(1335, 11, 1335),
(1339, 24, 1339),
(1340, 24, 1340),
(1341, 24, 1341),
(1342, 24, 1342),
(1343, 24, 1343),
(1344, 24, 1344),
(1345, 22, 1345),
(1346, 22, 1346),
(1347, 22, 1347),
(1348, 21, 1348),
(1349, 21, 1349),
(1350, 21, 1350),
(1351, 21, 1351),
(1352, 21, 1352),
(1353, 21, 1353),
(1354, 20, 1354),
(1355, 20, 1355),
(1356, 20, 1356),
(1357, 20, 1357),
(1358, 20, 1358),
(1359, 20, 1359),
(1360, 18, 1360),
(1361, 18, 1361),
(1362, 18, 1362),
(1363, 18, 1363),
(1364, 18, 1364),
(1365, 17, 1365),
(1366, 17, 1366),
(1367, 17, 1367),
(1368, 17, 1368),
(1369, 17, 1369),
(1370, 17, 1370),
(1371, 16, 1371),
(1372, 16, 1372),
(1373, 16, 1373),
(1374, 16, 1374),
(1375, 16, 1375),
(1376, 15, 1376),
(1377, 15, 1377),
(1378, 15, 1378),
(1379, 15, 1379),
(1380, 15, 1380),
(1381, 14, 1381),
(1382, 14, 1382),
(1383, 14, 1383),
(1384, 14, 1384),
(1385, 14, 1385),
(1386, 3, 1386);

-- --------------------------------------------------------

--
-- Estructura de tabla para la tabla `alerta`
--

CREATE TABLE IF NOT EXISTS `alerta` (
  `Id_Alerta` int(10) NOT NULL AUTO_INCREMENT,
  `Id_Negociacion` int(10) DEFAULT NULL,
  `Status` int(2) DEFAULT NULL,
  `Contador` int(20) DEFAULT NULL,
  PRIMARY KEY (`Id_Alerta`),
  KEY `Alerta_fk` (`Id_Negociacion`)
) ENGINE=InnoDB  DEFAULT CHARSET=latin1 AUTO_INCREMENT=7 ;

--
-- Volcado de datos para la tabla `alerta`
--

INSERT INTO `alerta` (`Id_Alerta`, `Id_Negociacion`, `Status`, `Contador`) VALUES
(5, 5, 0, 0),
(6, 6, 0, 0);

-- --------------------------------------------------------

--
-- Estructura de tabla para la tabla `alertamod`
--

CREATE TABLE IF NOT EXISTS `alertamod` (
  `Id_AlertaMod` int(10) NOT NULL AUTO_INCREMENT,
  `Id_Negociacion` int(10) DEFAULT NULL,
  `Contador` int(10) DEFAULT NULL,
  PRIMARY KEY (`Id_AlertaMod`),
  KEY `AlertaMod_fk` (`Id_Negociacion`)
) ENGINE=InnoDB  DEFAULT CHARSET=latin1 AUTO_INCREMENT=7 ;

--
-- Volcado de datos para la tabla `alertamod`
--

INSERT INTO `alertamod` (`Id_AlertaMod`, `Id_Negociacion`, `Contador`) VALUES
(5, 5, 0),
(6, 6, 0);

-- --------------------------------------------------------

--
-- Estructura de tabla para la tabla `ciudad`
--

CREATE TABLE IF NOT EXISTS `ciudad` (
  `Id_Ciudad` int(10) NOT NULL AUTO_INCREMENT,
  `Id_Estado` int(10) DEFAULT NULL,
  `Nombre` varchar(40) DEFAULT NULL,
  PRIMARY KEY (`Id_Ciudad`),
  KEY `Ciudad_fk` (`Id_Estado`)
) ENGINE=InnoDB  DEFAULT CHARSET=latin1 AUTO_INCREMENT=46 ;

--
-- Volcado de datos para la tabla `ciudad`
--

INSERT INTO `ciudad` (`Id_Ciudad`, `Id_Estado`, `Nombre`) VALUES
(1, 1, 'Puerto Ayacucho'),
(2, 1, 'San Fernando de Atabapo'),
(3, 1, 'Maroa'),
(4, 1, 'San Carlos de Rio Negro'),
(5, 1, 'San juan de Manapiare'),
(6, 2, 'Barcelona'),
(7, 3, 'San Fernando de Apure'),
(8, 4, 'Maracay'),
(9, 5, 'Barinas'),
(10, 6, 'Ciudad Bolívar'),
(11, 6, 'Puerto Ordaz'),
(12, 6, 'San Felix'),
(13, 6, 'Upata'),
(14, 6, 'Guasipati'),
(15, 6, 'El Callao'),
(16, 6, 'Tumeremo'),
(17, 6, 'El Dorado'),
(18, 6, 'Santa Elena de Uairen'),
(19, 6, 'El Pauji'),
(20, 7, 'Valencia'),
(21, 8, 'San Carlos'),
(22, 9, 'Tucupita'),
(23, 9, 'Curiapo'),
(24, 9, 'Pedernales'),
(25, 10, 'Coro'),
(26, 11, 'San Juan de Los Morros'),
(27, 12, 'Barquisimeto'),
(28, 13, 'Merida'),
(29, 14, 'Los Teques'),
(30, 15, 'Maturín'),
(31, 16, 'La Asunción'),
(32, 16, 'Porlamar'),
(33, 16, 'Pampatar'),
(34, 16, 'Juan Griego'),
(35, 16, 'Santa Ana'),
(36, 16, 'Coche'),
(37, 16, 'Cubagua'),
(38, 17, 'Guanare'),
(39, 18, 'Cumaná'),
(40, 19, 'San Cristóbal'),
(41, 20, 'Trujillo'),
(42, 21, 'Felipe'),
(43, 22, 'San Felipe'),
(44, 23, 'Maracaibo'),
(45, 24, 'Caracas');

-- --------------------------------------------------------

--
-- Estructura de tabla para la tabla `cliente`
--

CREATE TABLE IF NOT EXISTS `cliente` (
  `Id_Cliente` int(10) NOT NULL AUTO_INCREMENT,
  `Tipo_C` varchar(40) NOT NULL,
  `Nombre` varchar(100) DEFAULT NULL,
  `Apellido` varchar(100) DEFAULT NULL,
  `Cedula` varchar(20) DEFAULT NULL,
  `Sexo` varchar(20) NOT NULL,
  `Dia` varchar(5) NOT NULL,
  `Mes` varchar(50) NOT NULL,
  `Rif` varchar(100) NOT NULL,
  `Email` varchar(100) NOT NULL,
  `CPostal` varchar(10) DEFAULT NULL,
  `Telefono` varchar(20) NOT NULL,
  `Telefono2` varchar(20) NOT NULL,
  `Telefono3` varchar(20) DEFAULT NULL,
  `Especialidad` varchar(40) NOT NULL,
  `Subespecial` varchar(40) DEFAULT NULL,
  `Web` varchar(1000) DEFAULT NULL,
  `Departamento` varchar(40) NOT NULL,
  `Twitter` varchar(40) DEFAULT NULL,
  `Facebook` varchar(40) DEFAULT NULL,
  `Googleplus` varchar(40) DEFAULT NULL,
  `Direccion` varchar(1000) NOT NULL,
  `Direccion2` varchar(1000) NOT NULL,
  `Direccion3` varchar(1000) DEFAULT NULL,
  PRIMARY KEY (`Id_Cliente`)
) ENGINE=InnoDB  DEFAULT CHARSET=latin1 AUTO_INCREMENT=4 ;

--
-- Volcado de datos para la tabla `cliente`
--

INSERT INTO `cliente` (`Id_Cliente`, `Tipo_C`, `Nombre`, `Apellido`, `Cedula`, `Sexo`, `Dia`, `Mes`, `Rif`, `Email`, `CPostal`, `Telefono`, `Telefono2`, `Telefono3`, `Especialidad`, `Subespecial`, `Web`, `Departamento`, `Twitter`, `Facebook`, `Googleplus`, `Direccion`, `Direccion2`, `Direccion3`) VALUES
(1, 'Privado', 'Javier', 'Rodriguez Veira', 'V-17423457', 'Hombre', '10', 'Mayo', 'V-17423457-0', 'jrodriguezv.11@gmail.com', '', '02123324324', '02123243245', '', 'Nutrologia', '', '', 'Nutricion', '@javier', '', '', 'Montalban 1', 'Montalban 1', ''),
(2, 'Privado', 'Prueba A', 'Prueba A', 'V-10777666', 'Hombre', '12', 'Julio', 'V-10777666-2', 'prueba@prueba.com', '', '02121112233', '04121112233', '', 'Multi-Especialidad', '', '', 'Compras', '', '', '', 'Mi Direccion Legal ', 'Mi Direccion de Entrega', ''),
(3, '- Selecciona -', 'Edin', 'Leon', 'V-11283957', 'Hombre', '8', 'Octubre', 'V-11283957-4', 'edin@leon.com', '', '02616351718', '04146117698', '', 'Multi-Especialidad', '', '', 'compras', '', '', '', 'maracaibo', 'maracaibo', '');

-- --------------------------------------------------------

--
-- Estructura de tabla para la tabla `eic`
--

CREATE TABLE IF NOT EXISTS `eic` (
  `Id_Eic` int(10) NOT NULL AUTO_INCREMENT,
  `Id_Empleado` int(10) DEFAULT NULL,
  `Id_Institucion` int(10) DEFAULT NULL,
  `Id_Cliente` int(10) DEFAULT NULL,
  PRIMARY KEY (`Id_Eic`),
  KEY `EIC_fk` (`Id_Empleado`),
  KEY `EIC_fk2` (`Id_Institucion`),
  KEY `EIC_fk3` (`Id_Cliente`)
) ENGINE=InnoDB  DEFAULT CHARSET=latin1 AUTO_INCREMENT=2 ;

--
-- Volcado de datos para la tabla `eic`
--

INSERT INTO `eic` (`Id_Eic`, `Id_Empleado`, `Id_Institucion`, `Id_Cliente`) VALUES
(1, 12374904, 2, 2);

-- --------------------------------------------------------

--
-- Estructura de tabla para la tabla `empleado`
--

CREATE TABLE IF NOT EXISTS `empleado` (
  `Cedula` int(8) NOT NULL,
  `Usuario` varchar(30) NOT NULL,
  `Clave` varchar(20) NOT NULL,
  `Nombre_1` varchar(20) NOT NULL,
  `Nombre_2` varchar(20) DEFAULT NULL,
  `Apellido_1` varchar(20) NOT NULL,
  `Apellido_2` varchar(20) DEFAULT NULL,
  `Fecha_Ingreso` varchar(10) NOT NULL,
  `Sexo` varchar(10) NOT NULL,
  `Correo` varchar(50) DEFAULT NULL,
  `Telf_Casa` varchar(15) NOT NULL,
  `Telf_Ofi` varchar(15) DEFAULT NULL,
  `Telf_Cel` varchar(15) DEFAULT NULL,
  `Tipo_Empleado` varchar(20) NOT NULL,
  `Cod_Vendedor` int(5) NOT NULL,
  `Cod_Supervisor` int(8) DEFAULT NULL,
  PRIMARY KEY (`Cedula`),
  KEY `empleado_fk` (`Cod_Supervisor`)
) ENGINE=InnoDB DEFAULT CHARSET=latin1;

--
-- Volcado de datos para la tabla `empleado`
--

INSERT INTO `empleado` (`Cedula`, `Usuario`, `Clave`, `Nombre_1`, `Nombre_2`, `Apellido_1`, `Apellido_2`, `Fecha_Ingreso`, `Sexo`, `Correo`, `Telf_Casa`, `Telf_Ofi`, `Telf_Cel`, `Tipo_Empleado`, `Cod_Vendedor`, `Cod_Supervisor`) VALUES
(11111111, 'Demo.N', 'elp21', 'Demo', NULL, 'Demo', NULL, '99/99/9999', 'Masculino', 'empresaslp21@gmail.com', '02121111111', '02121111111', '04241111111', 'Vendedor', 9999, NULL),
(12374904, 'lpurroy', 'purroyl', 'Luis', NULL, 'Purroy', NULL, '11/01/2012', 'Masculino', 'purroy.luis@lp21.com.ve', '02125720444', '02125720444', '04246666666', 'Vendedor', 3331, NULL),
(17234567, 'daniel', '12345', 'Daniel', NULL, 'Rodriguez', 'Veira', '11/02/2012', 'Masculino', 'danielrv@hotmail.com', '2122452356', '4241267888', NULL, 'Despachador', 2244, NULL),
(17423457, 'veiraj', '12345', 'Javier', NULL, 'Rodriguez', 'Veira', '11/01/2012', 'Masculino', 'jrodriguezv.11@gmail.com', '02124422764', NULL, NULL, 'Administrador', 1234, NULL),
(21111111, 'Carolina.Rodriguez', '3218161', 'Carolina', NULL, 'Rodriguez', NULL, '99/99/9999', 'Femenino', 'carolina.rodriguez@grupoyoma.com', '02121111111', '02121111111', '04241111111', 'Vendedor', 9999, NULL),
(22111111, 'Nacy.Moreno', '7498789', 'Nacy', NULL, 'Moreno', NULL, '99/99/9999', 'Femenino', 'nacy.moreno@grupoyoma.com', '02121111111', '02121111111', '04241111111', 'Vendedor', 9999, NULL),
(22211111, 'Fernando.Contreras', '447221f', 'Fernando', NULL, 'Contreras', NULL, '99/99/9999', 'Masculino', 'fernando.contreras@grupoyoma.com', '02121111111', '02121111111', '04241111111', 'Vendedor', 9999, NULL),
(22221111, 'Elsy.Luckert', 'eluckert', 'Elsy', NULL, 'Luckert', NULL, '99/99/9999', 'Femenino', 'elsy.luckert@grupoyoma.com', '02121111111', '02121111111', '04241111111', 'Vendedor', 9999, NULL),
(22222111, 'Marisela.Antonini', 'dda1405', 'Marisela', NULL, 'Antonini', NULL, '99/99/9999', 'Femenino', 'marisela.antonini@grupoyoma.com', '02121111111', '02121111111', '04241111111', 'Vendedor', 9999, NULL),
(22222211, 'Marilu.Moraga', 'mmoraga', 'Marilu', NULL, 'Moraga', NULL, '99/99/9999', 'Femenino', 'marilu.moraga@grupoyoma.com', '02121111111', '02121111111', '04241111111', 'Vendedor', 9999, NULL),
(22222221, 'Wilfredo.Nuñez', 'nuñez', 'Wilfredo', NULL, 'Nuñez', NULL, '99/99/9999', 'Masculino', 'wilfredo.nuñez@grupoyoma.com', '02121111111', '02121111111', '04241111111', 'Vendedor', 9999, NULL),
(22222222, 'Edin.Leon', '6117698', 'Edin', NULL, 'Edin', NULL, '99/99/9999', 'Masculino', 'edin.leon@grupoyoma.com', '02121111111', '02121111111', '04241111111', 'Vendedor', 9999, NULL),
(31111111, 'Luis.Gomez', 'lgomez', 'Luis', NULL, 'Gomez', NULL, '99/99/9999', 'Masculino', 'luis.gomez@grupoyoma.com', '02121111111', '02121111111', '04241111111', 'Vendedor', 9999, NULL),
(33111111, 'Virginia.Salazar', 'elp21', 'Virginia', NULL, 'Salazar', NULL, '99/99/9999', 'Femenino', 'virginia.salazar@grupoyoma.com', '02121111111', '02121111111', '04241111111', 'Vendedor', 9999, NULL),
(33311111, 'Fabiola.Fernandez', 'fernandezf', 'Fabiola', NULL, 'Fernandez', NULL, '99/99/9999', 'Femenino', 'fabiola.fernandez@grupoyoma.com', '02121111111', '02121111111', '04241111111', 'Despachador', 9999, NULL),
(33331111, 'Andrea Mercau', 'mercaua', 'Andrea ', NULL, 'Mercau', NULL, '99/99/9999', 'Femenino', 'andrea.mercau@grupoyoma.com', '02121111111', '02121111111', '04241111111', 'Despachador', 9999, NULL),
(33333111, 'Nacy.Moreno', '7498789', 'Nacy', NULL, 'Moreno', NULL, '99/99/9999', 'Femenino', 'nacy.moreno@grupoyoma.com', '02121111111', '02121111111', '04241111111', 'Vendedor', 9999, NULL),
(33333311, 'Demo.V', 'elp21', 'Demo.V', NULL, 'Demo.V', NULL, '99/99/9999', 'Femenino', 'empresaslp21@gmail.com', '02121111111', '02121111111', '04241111111', 'Despachador', 9999, NULL),
(33333331, 'Ventas', 'grupoyoma', 'Ventas', NULL, 'Ventas', NULL, '99/99/9999', 'Femenino', NULL, '02121111111', '02121111111', '04241111111', 'Despachador', 9999, NULL),
(33333333, 'Moraga.Marilu', 'mmoraga', 'Moraga', NULL, 'Marilu', NULL, '99/99/9999', 'Femenino', 'marilu.moraga@grupoyoma.com', '02121111111', '02121111111', '04241111111', 'Administrador', 9999, NULL),
(34344444, 'Andrea.Mercau', '12345', 'Andrea', NULL, 'Mercau', NULL, '11/01/2012', 'Femenino', 'purroy.luis@lp21.com.ve', '02125720444', '02125720444', '04246666666', 'Administrador', 1212, NULL),
(41111111, 'Ernesto.Centeno', 'centenoe', 'Ernesto', NULL, 'Centeno', NULL, '99/99/9999', 'Masculino', 'ernesto.centeno@grupoyoma.com', '02121111111', '02121111111', '04241111111', 'Administrador', 9999, NULL),
(44111111, 'Maria.Khalife', '2256', 'Maria', NULL, 'Khalife', NULL, '99/99/9999', 'Femenino', 'maria.khalife@grupoyoma.com', '02121111111', '02121111111', '04241111111', 'Administrador', 9999, NULL),
(44441111, 'Antonini.Marisela', 'dda1405', 'Antonini', NULL, 'Marisela', NULL, '99/99/9999', 'Femenino', 'marisela.antonini@grupoyoma.com', '02121111111', '02121111111', '04241111111', 'Administrador', 9999, NULL),
(44444111, 'Demo.S', 'elp21', 'Demo.S', NULL, 'Demo.S', NULL, '99/99/9999', 'Femenino', 'empresaslp21@gmail.com', '02121111111', '02121111111', '04241111111', 'Administrador', 9999, NULL),
(55555555, 'Oscar.Cardenas', 'gabriel2006', 'Oscar', NULL, 'Cardenas', NULL, '99/99/9999', 'Masculino', 'oscar.cardenas@grupoyoma.com', '02121111111', '02121111111', '04241111111', 'Administrador', 9999, NULL);

-- --------------------------------------------------------

--
-- Estructura de tabla para la tabla `equipo`
--

CREATE TABLE IF NOT EXISTS `equipo` (
  `Id_Equipo` int(10) NOT NULL AUTO_INCREMENT,
  `Nombre` varchar(80) DEFAULT NULL,
  `Precio` varchar(15) DEFAULT NULL,
  `Descripcion` varchar(500) DEFAULT NULL,
  `Descripcion2` varchar(2500) DEFAULT NULL,
  PRIMARY KEY (`Id_Equipo`)
) ENGINE=InnoDB  DEFAULT CHARSET=latin1 AUTO_INCREMENT=57 ;

--
-- Volcado de datos para la tabla `equipo`
--

INSERT INTO `equipo` (`Id_Equipo`, `Nombre`, `Precio`, `Descripcion`, `Descripcion2`) VALUES
(3, 'Holter Gast-Bravo', '17084.52', 'MAPA', NULL),
(4, 'Stress Vue', '0.00', 'Stress Vue', NULL),
(5, 'HeartStart MRx', '76940.13', 'HeartStart MRx', NULL),
(6, 'TC30', '0.00', 'TC30', NULL),
(7, 'TC50', '0.00', 'TC50', NULL),
(8, 'TC70', '0.00', 'TC70', NULL),
(9, 'Central de Monitoreo alto rang', '0.00', '', NULL),
(10, 'Central de Monitoreo Bajo rang', '27269.92', '', NULL),
(11, 'Telemetria_1', '45000.00', '', NULL),
(12, 'Telemetria_2', '0.00', '', NULL),
(13, 'Telemetria_3', '27269.92', '', NULL),
(14, 'VS3_863072', '28395.34', 'VS3_863072', NULL),
(15, 'VS3_863071', '24824.28', 'VS3_863071', NULL),
(16, 'VS3_863069', '15452.95', 'VS3_863069', NULL),
(17, 'VM8_863068', '43083.58', 'VM8_863068', NULL),
(18, 'VM8_863066', '71190.36', 'VM8_863066', NULL),
(19, 'VM6_863067', '47614.14', 'VM6_863067', NULL),
(20, 'VM6_863065', '40962.59', 'VM6_863065', NULL),
(21, 'VM6_863064', '38040.81', 'VM6_863064', NULL),
(22, 'VM4_863067', '47614.14', 'VM4_863067', NULL),
(24, 'VM4_863063', '34065.75', 'VM4_863063', NULL),
(25, 'Servidor de Mediciones Hemodinamicas', '11268.68', 'Servidor de Mediciones Hemodinamicas', NULL),
(26, 'Servidor de Mediciones de CO2 Mainstream', '0.00', 'Servidor de Mediciones ', NULL),
(27, 'Servidor de Mediciones BIS', '38870.45', 'Modulo BIS', NULL),
(28, 'Servidor de Mediciones Bsicas', '0.00', 'Servidor Basico', NULL),
(29, 'MX800', '36641.25', 'MX800', NULL),
(30, 'MP70', '89204.37', 'MP70', NULL),
(31, 'MP60', '68297.44', 'MP60', NULL),
(32, 'MP50', '51336.70', 'MP50', NULL),
(33, 'MP40', '41467.59', 'MP40', 'Prueba 3   '),
(34, 'MP30', '27212.20', 'MP30', NULL),
(35, 'MP20', '0.00', 'MP20', NULL),
(36, 'M1012A', '20856.44', 'Gasto cardiaco', NULL),
(37, 'M1006B', '6233.12', 'PI', NULL),
(38, 'Holter Zymed 2010', '0.00', 'sw 2010', NULL),
(39, 'Holter Zymed 1810', '0.00', 'Sw 1810', NULL),
(40, 'Grabadora DigiTrak XT', '0.00', 'Grabadora', NULL),
(41, 'FM30', '51012.06', 'FM30', NULL),
(42, 'FM20', '32738.33', 'FM20', NULL),
(43, 'CCM Express', '149214.06', 'CCM Express', NULL),
(44, 'Ultima CCM', '181944.64', 'Ultima CCM', NULL),
(45, 'Ultima CPX', '181944.64', 'Ultima CPX', NULL),
(46, 'Ultima Cardio 2', '296935.98', 'Ultima Cardio 2', NULL),
(47, 'Ultima PFX', '242870.01', 'Ultima PFX', NULL),
(48, 'Platinum D', '229262.58', 'Platinum D', NULL),
(49, 'Platinum DL', '242728.96', 'Platinum DL', NULL),
(50, 'Platinum DX', '305755.20', 'Platinum DX', NULL),
(51, 'CPX Express', '138969.51', 'CPX Express', NULL),
(52, 'Ultima PF', '169666.04', 'Ultima PF', NULL),
(53, 'CPFS/D USB', '9264.63', 'CPFS/D USB', NULL),
(54, 'VO2000', '0.00', 'VO2000', NULL),
(55, 'Prueba', '0.00', 'Prueba 2', NULL),
(56, 'Prueba', '0.00', 'Prueba 2', 'Prueba 3');

-- --------------------------------------------------------

--
-- Estructura de tabla para la tabla `estado`
--

CREATE TABLE IF NOT EXISTS `estado` (
  `Id_Estado` int(10) NOT NULL AUTO_INCREMENT,
  `Id_Pais` int(10) DEFAULT NULL,
  `Nombre` varchar(40) DEFAULT NULL,
  PRIMARY KEY (`Id_Estado`),
  KEY `Estado_fk` (`Id_Pais`)
) ENGINE=InnoDB  DEFAULT CHARSET=latin1 AUTO_INCREMENT=25 ;

--
-- Volcado de datos para la tabla `estado`
--

INSERT INTO `estado` (`Id_Estado`, `Id_Pais`, `Nombre`) VALUES
(1, 1, 'Amazonas'),
(2, 1, 'Anzoategui'),
(3, 1, 'Apure'),
(4, 1, 'Aragua'),
(5, 1, 'Barinas'),
(6, 1, 'Bolivar'),
(7, 1, 'Carabobo'),
(8, 1, 'Cojedes'),
(9, 1, 'Delta Amacuro'),
(10, 1, 'Falcon'),
(11, 1, 'Guarico'),
(12, 1, 'Lara'),
(13, 1, 'Merida'),
(14, 1, 'Miranda'),
(15, 1, 'Monagas'),
(16, 1, 'Nueva Esparta'),
(17, 1, 'Portuguesa'),
(18, 1, 'Sucre'),
(19, 1, 'Tachira'),
(20, 1, 'Trujillo'),
(21, 1, 'Vargas'),
(22, 1, 'Yaracuy'),
(23, 1, 'Zulia'),
(24, 1, 'Distrito Capital');

-- --------------------------------------------------------

--
-- Estructura de tabla para la tabla `historialnp`
--

CREATE TABLE IF NOT EXISTS `historialnp` (
  `Id_HistorialNP` int(10) NOT NULL AUTO_INCREMENT,
  `Id_Accesorio` int(10) DEFAULT NULL,
  `Id_Negociacion` int(10) DEFAULT NULL,
  `Cantidad` int(100) DEFAULT NULL,
  PRIMARY KEY (`Id_HistorialNP`),
  KEY `HistorialNP_fk` (`Id_Accesorio`),
  KEY `HistorialNP_fk2` (`Id_Negociacion`)
) ENGINE=InnoDB  DEFAULT CHARSET=latin1 AUTO_INCREMENT=11 ;

--
-- Volcado de datos para la tabla `historialnp`
--

INSERT INTO `historialnp` (`Id_HistorialNP`, `Id_Accesorio`, `Id_Negociacion`, `Cantidad`) VALUES
(10, 1206, 6, 1);

-- --------------------------------------------------------

--
-- Estructura de tabla para la tabla `historialnp2`
--

CREATE TABLE IF NOT EXISTS `historialnp2` (
  `Id_HistorialNP2` int(10) NOT NULL AUTO_INCREMENT,
  `Id_Equipo` int(10) DEFAULT NULL,
  `Id_Negociacion` int(10) DEFAULT NULL,
  `Cantidad` int(100) DEFAULT NULL,
  PRIMARY KEY (`Id_HistorialNP2`),
  KEY `HistorialNP2_fk` (`Id_Equipo`),
  KEY `HistorialNP2_fk2` (`Id_Negociacion`)
) ENGINE=InnoDB  DEFAULT CHARSET=latin1 AUTO_INCREMENT=11 ;

-- --------------------------------------------------------

--
-- Estructura de tabla para la tabla `historial_ns`
--

CREATE TABLE IF NOT EXISTS `historial_ns` (
  `Id_Historial_Ns` int(10) NOT NULL AUTO_INCREMENT,
  `Id_Negociacion` int(10) DEFAULT NULL,
  `Id_Seguimiento` int(10) DEFAULT NULL,
  `FechaS` varchar(30) DEFAULT NULL,
  `TipoS` varchar(50) DEFAULT NULL,
  `Resumen` varchar(500) DEFAULT NULL,
  `Status` varchar(50) DEFAULT NULL,
  `FechaCreacion` varchar(25) DEFAULT NULL,
  PRIMARY KEY (`Id_Historial_Ns`),
  KEY `Historial_Ns_fk` (`Id_Negociacion`),
  KEY `Historial_Ns_fk2` (`Id_Seguimiento`)
) ENGINE=InnoDB  DEFAULT CHARSET=latin1 AUTO_INCREMENT=17 ;

--
-- Volcado de datos para la tabla `historial_ns`
--

INSERT INTO `historial_ns` (`Id_Historial_Ns`, `Id_Negociacion`, `Id_Seguimiento`, `FechaS`, `TipoS`, `Resumen`, `Status`, `FechaCreacion`) VALUES
(14, 5, 5, '24/03/2012', 'Inicial', NULL, 'Borrador', NULL),
(15, 6, 6, '25/03/2012', 'Inicial', NULL, 'Borrador', NULL),
(16, 6, 6, '25/03/2012', 'Llamada telefonica', 'PAGO', 'Ganada', '25/03/2012');

-- --------------------------------------------------------

--
-- Estructura de tabla para la tabla `institucion`
--

CREATE TABLE IF NOT EXISTS `institucion` (
  `Id_Institucion` int(10) NOT NULL AUTO_INCREMENT,
  `Tipo_I` varchar(50) NOT NULL,
  `Nombre` varchar(100) DEFAULT NULL,
  `Pais` varchar(100) NOT NULL,
  `Estado` varchar(100) NOT NULL,
  `Ciudad` varchar(100) NOT NULL,
  `CodigoP` int(5) NOT NULL,
  `Rif` varchar(100) DEFAULT NULL,
  `Web` varchar(200) DEFAULT NULL,
  `Telefono1` varchar(30) NOT NULL,
  `Telefono2` varchar(30) DEFAULT NULL,
  `Telefono3` varchar(30) DEFAULT NULL,
  `Twitter` varchar(30) DEFAULT NULL,
  `Facebook` varchar(30) DEFAULT NULL,
  `GooglePlus` varchar(30) DEFAULT NULL,
  `Direccion1` varchar(1000) NOT NULL,
  `Direccion2` varchar(1000) NOT NULL,
  `Direccion3` varchar(1000) DEFAULT NULL,
  PRIMARY KEY (`Id_Institucion`)
) ENGINE=InnoDB  DEFAULT CHARSET=latin1 AUTO_INCREMENT=3 ;

--
-- Volcado de datos para la tabla `institucion`
--

INSERT INTO `institucion` (`Id_Institucion`, `Tipo_I`, `Nombre`, `Pais`, `Estado`, `Ciudad`, `CodigoP`, `Rif`, `Web`, `Telefono1`, `Telefono2`, `Telefono3`, `Twitter`, `Facebook`, `GooglePlus`, `Direccion1`, `Direccion2`, `Direccion3`) VALUES
(1, 'Privado', 'LP21', 'Venezuela', 'Amazonas', 'Maroa', 12321, 'J-1321343213', NULL, '02123243224', '', '', '@LP21', '', '', 'Bellas Artes', 'Bellas Artes', ''),
(2, 'Privado', 'Clinica DEMO', 'Venezuela', 'Guarico', 'San Juan de Los Morros', 22345, 'J-300334455', NULL, '02389998877', '', '', '', '', '', 'Direccin Legal', 'Direccin de Entrega', '');

-- --------------------------------------------------------

--
-- Estructura de tabla para la tabla `linea`
--

CREATE TABLE IF NOT EXISTS `linea` (
  `Id_Linea` int(10) NOT NULL AUTO_INCREMENT,
  `Nombre` varchar(20) NOT NULL,
  PRIMARY KEY (`Id_Linea`)
) ENGINE=InnoDB  DEFAULT CHARSET=latin1 AUTO_INCREMENT=11 ;

--
-- Volcado de datos para la tabla `linea`
--

INSERT INTO `linea` (`Id_Linea`, `Nombre`) VALUES
(6, 'Monitoreo'),
(7, 'Calorimetr'),
(8, 'Ejercicio'),
(9, 'Pletismgrafo'),
(10, 'Respiratoria');

-- --------------------------------------------------------

--
-- Estructura de tabla para la tabla `marca`
--

CREATE TABLE IF NOT EXISTS `marca` (
  `Id_Marca` int(10) NOT NULL AUTO_INCREMENT,
  `Nombre` varchar(20) NOT NULL,
  PRIMARY KEY (`Id_Marca`)
) ENGINE=InnoDB  DEFAULT CHARSET=latin1 AUTO_INCREMENT=5 ;

--
-- Volcado de datos para la tabla `marca`
--

INSERT INTO `marca` (`Id_Marca`, `Nombre`) VALUES
(1, 'Philips'),
(2, 'GCX'),
(3, 'Suntech'),
(4, 'Medgraphic');

-- --------------------------------------------------------

--
-- Estructura de tabla para la tabla `marca_linea`
--

CREATE TABLE IF NOT EXISTS `marca_linea` (
  `Id_Marca_Linea` int(10) NOT NULL AUTO_INCREMENT,
  `Id_Marca` int(10) NOT NULL,
  `Id_Linea` int(10) NOT NULL,
  PRIMARY KEY (`Id_Marca_Linea`),
  KEY `Marca_Linea_fk` (`Id_Marca`),
  KEY `Marca_Linea_fk2` (`Id_Linea`)
) ENGINE=InnoDB  DEFAULT CHARSET=latin1 AUTO_INCREMENT=15 ;

--
-- Volcado de datos para la tabla `marca_linea`
--

INSERT INTO `marca_linea` (`Id_Marca_Linea`, `Id_Marca`, `Id_Linea`) VALUES
(8, 1, 6),
(9, 3, 6),
(10, 4, 7),
(11, 4, 8),
(12, 4, 9),
(13, 4, 10),
(14, 2, 6);

-- --------------------------------------------------------

--
-- Estructura de tabla para la tabla `ml_equipo`
--

CREATE TABLE IF NOT EXISTS `ml_equipo` (
  `Id_ML_Equipo` int(10) NOT NULL AUTO_INCREMENT,
  `Id_Equipo` int(10) NOT NULL,
  `Id_Marca_Linea` int(10) NOT NULL,
  PRIMARY KEY (`Id_ML_Equipo`),
  KEY `ML_Equipo_fk` (`Id_Equipo`),
  KEY `ML_Equipo_fk2` (`Id_Marca_Linea`)
) ENGINE=InnoDB  DEFAULT CHARSET=latin1 AUTO_INCREMENT=61 ;

--
-- Volcado de datos para la tabla `ml_equipo`
--

INSERT INTO `ml_equipo` (`Id_ML_Equipo`, `Id_Equipo`, `Id_Marca_Linea`) VALUES
(3, 3, 9),
(4, 4, 8),
(5, 5, 8),
(6, 6, 8),
(7, 7, 8),
(8, 8, 8),
(9, 9, 8),
(10, 10, 8),
(11, 11, 8),
(12, 12, 8),
(13, 13, 8),
(14, 14, 8),
(15, 15, 8),
(16, 16, 8),
(17, 17, 8),
(18, 18, 8),
(19, 19, 8),
(20, 20, 8),
(21, 21, 8),
(22, 22, 8),
(24, 24, 8),
(25, 25, 8),
(26, 26, 8),
(27, 27, 8),
(28, 28, 8),
(29, 29, 8),
(30, 30, 8),
(31, 31, 8),
(32, 32, 8),
(33, 33, 8),
(34, 34, 8),
(35, 35, 8),
(36, 36, 8),
(37, 37, 8),
(38, 38, 8),
(39, 39, 8),
(40, 40, 8),
(41, 41, 8),
(42, 42, 8),
(43, 43, 10),
(44, 44, 10),
(45, 45, 11),
(46, 46, 11),
(47, 47, 11),
(48, 48, 12),
(49, 49, 12),
(50, 50, 12),
(51, 51, 13),
(52, 52, 13),
(53, 53, 13),
(54, 54, 13),
(55, 35, 14),
(56, 34, 14),
(57, 33, 14),
(58, 32, 14),
(59, 55, 8),
(60, 56, 8);

-- --------------------------------------------------------

--
-- Estructura de tabla para la tabla `negociacion`
--

CREATE TABLE IF NOT EXISTS `negociacion` (
  `Id_Negociacion` int(10) NOT NULL AUTO_INCREMENT,
  `Id_Cliente` int(10) DEFAULT NULL,
  `Id_Institucion` int(10) DEFAULT NULL,
  `Id_Empleado` int(10) DEFAULT NULL,
  `FechaP` varchar(20) DEFAULT NULL,
  `NumeroODC` varchar(20) DEFAULT NULL,
  `FechaODC` varchar(20) DEFAULT NULL,
  `Banco` varchar(50) DEFAULT NULL,
  `PagoInicial` float(100,2) DEFAULT NULL,
  `CondicionesPago` varchar(50) DEFAULT NULL,
  `FechaPago` varchar(20) DEFAULT NULL,
  `NDeposito` varchar(50) DEFAULT NULL,
  `Status` int(5) DEFAULT NULL,
  `Descuento` varchar(10) DEFAULT NULL,
  `Total` varchar(50) DEFAULT NULL,
  PRIMARY KEY (`Id_Negociacion`),
  KEY `Negociacion_fk` (`Id_Cliente`),
  KEY `Negociacion_fk2` (`Id_Institucion`),
  KEY `Negociacion_fk3` (`Id_Empleado`)
) ENGINE=InnoDB  DEFAULT CHARSET=latin1 AUTO_INCREMENT=7 ;

--
-- Volcado de datos para la tabla `negociacion`
--

INSERT INTO `negociacion` (`Id_Negociacion`, `Id_Cliente`, `Id_Institucion`, `Id_Empleado`, `FechaP`, `NumeroODC`, `FechaODC`, `Banco`, `PagoInicial`, `CondicionesPago`, `FechaPago`, `NDeposito`, `Status`, `Descuento`, `Total`) VALUES
(5, 3, NULL, 12374904, '24/03/2012', NULL, NULL, NULL, NULL, NULL, NULL, NULL, 1, NULL, NULL),
(6, 3, NULL, 33333311, '25/03/2012', 'ewew112', '25/03/2012', 'Banesco', 1.00, 'De contado', '25/03/2012', '33243243', 1, NULL, NULL);

-- --------------------------------------------------------

--
-- Estructura de tabla para la tabla `ns`
--

CREATE TABLE IF NOT EXISTS `ns` (
  `Id_NS` int(10) NOT NULL AUTO_INCREMENT,
  `Id_Negociacion` int(10) DEFAULT NULL,
  `Id_Seguimiento` int(10) DEFAULT NULL,
  `FechaS` varchar(30) DEFAULT NULL,
  `TipoS` varchar(50) DEFAULT NULL,
  `Resumen` varchar(500) DEFAULT NULL,
  `Status` varchar(50) DEFAULT NULL,
  PRIMARY KEY (`Id_NS`),
  KEY `NS_fk` (`Id_Negociacion`),
  KEY `NS_fk2` (`Id_Seguimiento`)
) ENGINE=InnoDB  DEFAULT CHARSET=latin1 AUTO_INCREMENT=7 ;

--
-- Volcado de datos para la tabla `ns`
--

INSERT INTO `ns` (`Id_NS`, `Id_Negociacion`, `Id_Seguimiento`, `FechaS`, `TipoS`, `Resumen`, `Status`) VALUES
(5, 5, 5, '24/03/2012', 'Inicial', NULL, 'Borrador'),
(6, 6, 6, '25/03/2012', 'Inicial', NULL, 'Borrador');

-- --------------------------------------------------------

--
-- Estructura de tabla para la tabla `pais`
--

CREATE TABLE IF NOT EXISTS `pais` (
  `Id_Pais` int(10) NOT NULL AUTO_INCREMENT,
  `Nombre` varchar(40) DEFAULT NULL,
  PRIMARY KEY (`Id_Pais`)
) ENGINE=InnoDB  DEFAULT CHARSET=latin1 AUTO_INCREMENT=2 ;

--
-- Volcado de datos para la tabla `pais`
--

INSERT INTO `pais` (`Id_Pais`, `Nombre`) VALUES
(1, 'Venezuela');

-- --------------------------------------------------------

--
-- Estructura de tabla para la tabla `seguimiento`
--

CREATE TABLE IF NOT EXISTS `seguimiento` (
  `Id_Seguimiento` int(10) NOT NULL AUTO_INCREMENT,
  `FechaS` varchar(30) DEFAULT NULL,
  `TipoS` varchar(50) DEFAULT NULL,
  `Resumen` varchar(500) DEFAULT NULL,
  `Status` varchar(50) DEFAULT NULL,
  `Porcentaje` int(5) DEFAULT NULL,
  PRIMARY KEY (`Id_Seguimiento`)
) ENGINE=InnoDB  DEFAULT CHARSET=latin1 AUTO_INCREMENT=7 ;

--
-- Volcado de datos para la tabla `seguimiento`
--

INSERT INTO `seguimiento` (`Id_Seguimiento`, `FechaS`, `TipoS`, `Resumen`, `Status`, `Porcentaje`) VALUES
(5, '24/03/2012', 'Inicial', NULL, 'Borrador', 25),
(6, '25/03/2012', 'Llamada telefonica', 'PAGO', 'Cerrada', 100);

-- --------------------------------------------------------

--
-- Estructura de tabla para la tabla `ventanego`
--

CREATE TABLE IF NOT EXISTS `ventanego` (
  `Id_VentaNego` int(10) NOT NULL AUTO_INCREMENT,
  `Id_Negociacion` int(10) DEFAULT NULL,
  `Status` varchar(40) DEFAULT NULL,
  `Final` varchar(5) DEFAULT NULL,
  PRIMARY KEY (`Id_VentaNego`),
  KEY `VentaNego_fk` (`Id_Negociacion`)
) ENGINE=InnoDB  DEFAULT CHARSET=latin1 AUTO_INCREMENT=2 ;

--
-- Volcado de datos para la tabla `ventanego`
--

INSERT INTO `ventanego` (`Id_VentaNego`, `Id_Negociacion`, `Status`, `Final`) VALUES
(1, 6, 'Facturada', '1');

--
-- Restricciones para tablas volcadas
--

--
-- Filtros para la tabla `aequipo`
--
ALTER TABLE `aequipo`
  ADD CONSTRAINT `AEquipo_fk` FOREIGN KEY (`Id_Equipo`) REFERENCES `equipo` (`Id_Equipo`),
  ADD CONSTRAINT `AEquipo_fk2` FOREIGN KEY (`Id_Accesorio`) REFERENCES `accesorio` (`Id_Accesorio`);

--
-- Filtros para la tabla `alerta`
--
ALTER TABLE `alerta`
  ADD CONSTRAINT `Alerta_fk` FOREIGN KEY (`Id_Negociacion`) REFERENCES `negociacion` (`Id_Negociacion`);

--
-- Filtros para la tabla `alertamod`
--
ALTER TABLE `alertamod`
  ADD CONSTRAINT `AlertaMod_fk` FOREIGN KEY (`Id_Negociacion`) REFERENCES `negociacion` (`Id_Negociacion`);

--
-- Filtros para la tabla `ciudad`
--
ALTER TABLE `ciudad`
  ADD CONSTRAINT `Ciudad_fk` FOREIGN KEY (`Id_Estado`) REFERENCES `estado` (`Id_Estado`);

--
-- Filtros para la tabla `eic`
--
ALTER TABLE `eic`
  ADD CONSTRAINT `EIC_fk` FOREIGN KEY (`Id_Empleado`) REFERENCES `empleado` (`Cedula`),
  ADD CONSTRAINT `EIC_fk2` FOREIGN KEY (`Id_Institucion`) REFERENCES `institucion` (`Id_Institucion`),
  ADD CONSTRAINT `EIC_fk3` FOREIGN KEY (`Id_Cliente`) REFERENCES `cliente` (`Id_Cliente`);

--
-- Filtros para la tabla `empleado`
--
ALTER TABLE `empleado`
  ADD CONSTRAINT `Empleado_fk` FOREIGN KEY (`Cod_Supervisor`) REFERENCES `empleado` (`Cedula`);

--
-- Filtros para la tabla `estado`
--
ALTER TABLE `estado`
  ADD CONSTRAINT `Estado_fk` FOREIGN KEY (`Id_Pais`) REFERENCES `pais` (`Id_Pais`);

--
-- Filtros para la tabla `historialnp`
--
ALTER TABLE `historialnp`
  ADD CONSTRAINT `HistorialNP_fk` FOREIGN KEY (`Id_Accesorio`) REFERENCES `accesorio` (`Id_Accesorio`),
  ADD CONSTRAINT `HistorialNP_fk2` FOREIGN KEY (`Id_Negociacion`) REFERENCES `negociacion` (`Id_Negociacion`);

--
-- Filtros para la tabla `historialnp2`
--
ALTER TABLE `historialnp2`
  ADD CONSTRAINT `HistorialNP2_fk` FOREIGN KEY (`Id_Equipo`) REFERENCES `equipo` (`Id_Equipo`),
  ADD CONSTRAINT `HistorialNP2_fk2` FOREIGN KEY (`Id_Negociacion`) REFERENCES `negociacion` (`Id_Negociacion`);

--
-- Filtros para la tabla `historial_ns`
--
ALTER TABLE `historial_ns`
  ADD CONSTRAINT `Historial_Ns_fk` FOREIGN KEY (`Id_Negociacion`) REFERENCES `negociacion` (`Id_Negociacion`),
  ADD CONSTRAINT `Historial_Ns_fk2` FOREIGN KEY (`Id_Seguimiento`) REFERENCES `seguimiento` (`Id_Seguimiento`);

--
-- Filtros para la tabla `marca_linea`
--
ALTER TABLE `marca_linea`
  ADD CONSTRAINT `Marca_Linea_fk` FOREIGN KEY (`Id_Marca`) REFERENCES `marca` (`Id_Marca`),
  ADD CONSTRAINT `Marca_Linea_fk2` FOREIGN KEY (`Id_Linea`) REFERENCES `linea` (`Id_Linea`);

--
-- Filtros para la tabla `ml_equipo`
--
ALTER TABLE `ml_equipo`
  ADD CONSTRAINT `ML_Equipo_fk` FOREIGN KEY (`Id_Equipo`) REFERENCES `equipo` (`Id_Equipo`),
  ADD CONSTRAINT `ML_Equipo_fk2` FOREIGN KEY (`Id_Marca_Linea`) REFERENCES `marca_linea` (`Id_Marca_Linea`);

--
-- Filtros para la tabla `negociacion`
--
ALTER TABLE `negociacion`
  ADD CONSTRAINT `Negociacion_fk` FOREIGN KEY (`Id_Cliente`) REFERENCES `cliente` (`Id_Cliente`),
  ADD CONSTRAINT `Negociacion_fk2` FOREIGN KEY (`Id_Institucion`) REFERENCES `institucion` (`Id_Institucion`),
  ADD CONSTRAINT `Negociacion_fk3` FOREIGN KEY (`Id_Empleado`) REFERENCES `empleado` (`Cedula`);

--
-- Filtros para la tabla `ns`
--
ALTER TABLE `ns`
  ADD CONSTRAINT `NS_fk` FOREIGN KEY (`Id_Negociacion`) REFERENCES `negociacion` (`Id_Negociacion`),
  ADD CONSTRAINT `NS_fk2` FOREIGN KEY (`Id_Seguimiento`) REFERENCES `seguimiento` (`Id_Seguimiento`);

--
-- Filtros para la tabla `ventanego`
--
ALTER TABLE `ventanego`
  ADD CONSTRAINT `VentaNego_fk` FOREIGN KEY (`Id_Negociacion`) REFERENCES `negociacion` (`Id_Negociacion`);

/*!40101 SET CHARACTER_SET_CLIENT=@OLD_CHARACTER_SET_CLIENT */;
/*!40101 SET CHARACTER_SET_RESULTS=@OLD_CHARACTER_SET_RESULTS */;
/*!40101 SET COLLATION_CONNECTION=@OLD_COLLATION_CONNECTION */;
